level_0,level_1,level_2,md_onset_d,mn_onset_d,noncrop_ha,on_d_ha001,on_d_ha002,on_d_ha003,on_d_ha004,on_d_ha005,on_d_ha006,on_d_ha007,on_d_ha008,on_d_ha009,on_d_ha010,on_d_ha011,on_d_ha012,on_d_ha013,on_d_ha014,on_d_ha015,on_d_ha016,on_d_ha017,on_d_ha018,on_d_ha019,on_d_ha020,on_d_ha021,on_d_ha022,on_d_ha023,on_d_ha024,on_d_ha025,on_d_ha026,on_d_ha027,on_d_ha028,on_d_ha029,on_d_ha030,on_d_ha031,on_d_ha032,on_d_ha033,on_d_ha034,on_d_ha035,on_d_ha036,on_d_ha037,on_d_ha038,on_d_ha039,on_d_ha040,on_d_ha041,on_d_ha042,on_d_ha043,on_d_ha044,on_d_ha045,on_d_ha046,on_d_ha047,on_d_ha048,on_d_ha049,on_d_ha050,on_d_ha051,on_d_ha052,on_d_ha053,on_d_ha054,on_d_ha055,on_d_ha056,on_d_ha057,on_d_ha058,on_d_ha059,on_d_ha060,on_d_ha061,on_d_ha062,on_d_ha063,on_d_ha064,on_d_ha065,on_d_ha066,on_d_ha067,on_d_ha068,on_d_ha069,on_d_ha070,on_d_ha071,on_d_ha072,on_d_ha073,on_d_ha074,on_d_ha075,on_d_ha076,on_d_ha077,on_d_ha078,on_d_ha079,on_d_ha080,on_d_ha081,on_d_ha082,on_d_ha083,on_d_ha084,on_d_ha085,on_d_ha086,on_d_ha087,on_d_ha088,on_d_ha089,on_d_ha090,on_d_ha091,on_d_ha092,on_d_ha093,on_d_ha094,on_d_ha095,on_d_ha096,on_d_ha097,on_d_ha098,on_d_ha099,on_d_ha100,on_d_ha101,on_d_ha102,on_d_ha103,on_d_ha104,on_d_ha105,on_d_ha106,on_d_ha107,on_d_ha108,on_d_ha109,on_d_ha110,on_d_ha111,on_d_ha112,on_d_ha113,on_d_ha114,on_d_ha115,on_d_ha116,on_d_ha117,on_d_ha118,on_d_ha119,on_d_ha120,on_d_ha121,on_d_ha122,on_d_ha123,on_d_ha124,on_d_ha125,on_d_ha126,on_d_ha127,on_d_ha128,on_d_ha129,on_d_ha130,on_d_ha131,on_d_ha132,on_d_ha133,on_d_ha134,on_d_ha135,on_d_ha136,on_d_ha137,on_d_ha138,on_d_ha139,on_d_ha140,on_d_ha141,on_d_ha142,on_d_ha143,on_d_ha144,on_d_ha145,on_d_ha146,on_d_ha147,on_d_ha148,on_d_ha149,on_d_ha150,on_d_ha151,on_d_ha152,on_d_ha153,on_d_ha154,on_d_ha155,on_d_ha156,on_d_ha157,on_d_ha158,on_d_ha159,on_d_ha160,on_d_ha161,on_d_ha162,on_d_ha163,on_d_ha164,on_d_ha165,on_d_ha166,on_d_ha167,on_d_ha168,on_d_ha169,on_d_ha170,on_d_ha171,on_d_ha172,on_d_ha173,on_d_ha174,on_d_ha175,on_d_ha176,on_d_ha177,on_d_ha178,on_d_ha179,on_d_ha180,on_d_ha181,on_d_ha182,on_d_ha183,on_d_ha184,on_d_ha185,on_d_ha186,on_d_ha187,on_d_ha188,on_d_ha189,on_d_ha190,on_d_ha191,on_d_ha192,on_d_ha193,on_d_ha194,on_d_ha195,on_d_ha196,on_d_ha197,on_d_ha198,on_d_ha199,on_d_ha200,on_d_ha201,on_d_ha202,on_d_ha203,on_d_ha204,on_d_ha205,on_d_ha206,on_d_ha207,on_d_ha208,on_d_ha209,on_d_ha210,on_d_ha211,on_d_ha212,on_d_ha213,on_d_ha214,on_d_ha215,on_d_ha216,on_d_ha217,on_d_ha218,on_d_ha219,on_d_ha220,on_d_ha221,on_d_ha222,on_d_ha223,on_d_ha224,on_d_ha225,on_d_ha226,on_d_ha227,on_d_ha228,on_d_ha229,on_d_ha230,on_d_ha231,on_d_ha232,on_d_ha233,on_d_ha234,on_d_ha235,on_d_ha236,on_d_ha237,on_d_ha238,on_d_ha239,on_d_ha240,on_d_ha241,on_d_ha242,on_d_ha243,on_d_ha244,on_d_ha245,on_d_ha246,on_d_ha247,on_d_ha248,on_d_ha249,on_d_ha250,on_d_ha251,on_d_ha252,on_d_ha253,on_d_ha254,on_d_ha255,on_d_ha256,on_d_ha257,on_d_ha258,on_d_ha259,on_d_ha260,on_d_ha261,on_d_ha262,on_d_ha263,on_d_ha264,on_d_ha265,on_d_ha266,on_d_ha267,on_d_ha268,on_d_ha269,on_d_ha270,on_d_ha271,on_d_ha272,on_d_ha273,on_d_ha274,on_d_ha275,on_d_ha276,on_d_ha277,on_d_ha278,on_d_ha279,on_d_ha280,on_d_ha281,on_d_ha282,on_d_ha283,on_d_ha284,on_d_ha285,on_d_ha286,on_d_ha287,on_d_ha288,on_d_ha289,on_d_ha290,on_d_ha291,on_d_ha292,on_d_ha293,on_d_ha294,on_d_ha295,on_d_ha296,on_d_ha297,on_d_ha298,on_d_ha299,on_d_ha300,on_d_ha301,on_d_ha302,on_d_ha303,on_d_ha304,on_d_ha305,on_d_ha306,on_d_ha307,on_d_ha308,on_d_ha309,on_d_ha310,on_d_ha311,on_d_ha312,on_d_ha313,on_d_ha314,on_d_ha315,on_d_ha316,on_d_ha317,on_d_ha318,on_d_ha319,on_d_ha320,on_d_ha321,on_d_ha322,on_d_ha323,on_d_ha324,on_d_ha325,on_d_ha326,on_d_ha327,on_d_ha328,on_d_ha329,on_d_ha330,on_d_ha331,on_d_ha332,on_d_ha333,on_d_ha334,on_d_ha335,on_d_ha336,on_d_ha337,on_d_ha338,on_d_ha339,on_d_ha340,on_d_ha341,on_d_ha342,on_d_ha343,on_d_ha344,on_d_ha345,on_d_ha346,on_d_ha347,on_d_ha348,on_d_ha349,on_d_ha350,on_d_ha351,on_d_ha352,on_d_ha353,on_d_ha354,on_d_ha355,on_d_ha356,on_d_ha357,on_d_ha358,on_d_ha359,on_d_ha360,on_d_ha361,on_d_ha362,on_d_ha363,on_d_ha364,on_d_ha365,on_d_ha366,onset_ha,peren_ha,sd_onset_d,data_year,gen_date,crp_season
Kenya,Iburasirazuba,Rwamagana,81.0,76.82125050383709,40004.11,16.69,9.3,9.79,9.56,9.85,10.38,10.8,10.88,12.14,12.77,13.27,13.77,14.37,15.07,15.6,15.76,17.57,18.37,18.88,19.51,22.33,22.73,24.87,26.67,28.56,31.37,32.02,35.06,38.03,42.74,47.54,68.16,55.36,48.95,52.21,55.98,65.08,60.71,59.01,61.76,63.86,68.42,70.35,73.34,78.92,83.35,90.15,96.55,100.95,104.9,108.9,113.73,117.22,123.33,130.42,138.08,148.23,154.23,150.23,140.49,133.77,117.88,122.7,89.15,85.36,78.0,79.07,85.67,88.34,92.53,98.34,107.0,106.57,106.84,104.85,106.17,174.54,114.81,143.4,139.12,110.65,108.74,143.68,182.54,114.23,45.43,43.03,3015.78,34.33,31.02,27.6,24.95,31.2,18.84,19.26,21.4,18.59,18.57,18.75,19.7,21.93,22.97,24.6,23.07,22.63,22.07,21.54,25.59,22.11,23.18,22.44,26.6,30.43,33.61,39.0,45.31,54.94,67.28,49.88,38.27,32.76,33.66,30.19,31.31,34.0,30.84,32.07,33.37,32.2,37.78,36.35,39.62,45.94,43.87,47.03,58.43,100.42,87.72,66.64,46.17,37.65,56.34,65.0,24.97,13.79,7.66,28.78,14.82,1.92,1.68,1.22,2.44,2.05,0.41,0.51,0.77,0.51,0.34,0.52,0.31,0.31,0.34,0.28,0.25,0.28,0.2,0.28,0.24,0.2,0.21,0.11,0.21,0.2,0.28,0.22,0.14,0.12,0.12,0.15,0.16,0.29,0.19,0.18,0.09,0.11,0.11,0.08,0.17,0.08,0.09,0.1,0.06,0.07,0.11,0.09,0.05,0.08,0.08,0.02,0.03,0.02,0.02,0.04,0.03,0.06,0.01,0.04,0.02,0.04,0.03,0.04,0.07,0.01,0.02,0.04,0.02,0.01,0.01,0.01,0.02,0.01,0.0,0.0,0.0,0.0,0.0,0.0,0.0,0.0,0.0,0.0,0.01,0.0,0.0,0.0,0.0,0.0,0.0,0.0,0.0,0.0,0.0,0.0,0.0,0.0,0.0,0.0,0.0,0.0,0.0,0.0,0.0,0.0,0.0,0.0,0.0,0.0,0.0,0.0,0.0,0.0,0.0,0.0,0.0,0.0,0.0,0.0,0.0,0.0,0.0,0.0,0.0,0.0,0.0,0.0,0.0,0.0,0.0,0.0,0.0,0.0,0.0,0.0,0.0,0.0,0.0,0.0,0.0,0.0,0.0,0.0,0.0,0.0,0.0,0.0,0.0,0.0,0.0,0.0,0.0,0.0,0.0,0.0,0.0,0.0,0.0,0.0,0.0,0.0,0.0,0.0,0.0,0.0,0.0,0.0,0.0,0.0,0.0,0.0,0.0,0.0,0.0,0.0,0.0,0.0,0.0,0.0,0.0,0.0,0.0,0.0,0.0,0.0,0.0,0.0,0.0,0.0,0.0,0.0,0.0,0.0,0.0,0.0,0.0,0.0,0.0,0.0,0.0,0.0,0.0,0.0,0.0,0.0,0.0,0.0,0.0,0.0,0.0,0.0,0.0,0.0,0.0,0.0,0.0,0.0,0.0,10709.83,14844.27,29.478126639002966,2020.0,2020-10-05,Long rains
Kenya,Iburengerazuba,Rutsiro,76.0,75.56104516449005,81546.42,62.01,32.5,32.2,34.52,34.91,34.78,36.25,36.97,37.24,39.28,41.41,41.91,42.37,45.42,47.42,50.02,52.97,56.62,60.57,67.36,73.33,80.28,89.71,98.21,110.63,131.42,163.77,137.05,118.72,111.35,120.7,175.9,128.24,146.09,152.14,121.67,147.8,128.3,118.9,151.62,192.54,154.01,121.41,110.48,121.53,127.56,122.4,111.73,101.86,95.06,87.02,82.66,72.67,69.76,68.86,70.75,85.21,146.95,361.3,180.89,82.7,92.91,93.57,96.18,104.94,105.78,114.89,136.83,151.57,171.02,207.99,216.04,209.62,236.44,206.57,199.56,621.98,739.61,932.1,425.77,176.47,138.44,139.4,114.1,95.97,69.92,66.34,2044.13,107.61,59.48,67.41,65.5,65.19,50.95,48.32,32.43,30.18,18.62,17.68,18.29,16.74,17.28,19.15,19.09,19.32,18.71,19.59,20.93,20.8,20.04,19.97,21.18,23.01,21.85,22.78,21.96,23.59,23.41,21.41,21.8,21.17,21.9,22.55,23.18,25.11,26.35,27.94,31.84,34.75,40.06,42.96,48.33,49.73,56.35,63.0,81.52,107.28,99.52,101.38,103.65,114.41,243.81,387.11,195.44,195.34,109.72,114.87,141.95,107.34,71.89,70.07,35.37,29.73,15.52,13.41,10.83,10.68,9.03,5.82,5.17,4.18,4.26,3.53,2.4,1.88,1.32,1.39,1.38,1.11,0.96,0.7,0.92,0.88,0.57,0.48,0.47,0.52,0.52,0.42,0.32,0.4,0.31,0.45,0.31,0.38,0.38,0.3,0.92,0.43,0.43,0.3,0.41,0.38,0.5,0.46,0.56,0.5,0.51,0.62,0.46,1.1,0.85,1.03,0.34,0.27,0.23,0.29,1.2,0.61,0.51,0.3,0.26,0.15,0.1,0.09,0.09,0.12,0.08,0.07,0.13,0.13,0.11,0.11,0.08,0.08,0.04,0.07,0.04,0.01,0.01,0.01,0.02,0.01,0.01,0.0,0.0,0.0,0.0,0.0,0.0,0.0,0.0,0.0,0.0,0.0,0.0,0.0,0.0,0.0,0.0,0.0,0.0,0.0,0.0,0.0,0.0,0.0,0.0,0.0,0.0,0.0,0.0,0.0,0.0,0.0,0.0,0.0,0.0,0.0,0.0,0.0,0.0,0.0,0.0,0.0,0.0,0.0,0.0,0.0,0.0,0.0,0.0,0.0,0.0,0.0,0.0,0.0,0.0,0.0,0.0,0.0,0.0,0.0,0.0,0.0,0.0,0.0,0.0,0.0,0.0,0.0,0.0,0.0,0.0,0.0,0.0,0.0,0.0,0.0,0.0,0.0,0.0,0.0,0.0,0.0,0.0,0.0,0.0,0.0,0.0,0.0,0.0,0.0,0.0,0.0,0.0,0.0,0.0,0.0,0.0,0.0,0.0,0.0,0.0,0.0,0.0,0.0,0.0,0.0,0.0,0.0,0.0,0.0,0.0,0.0,0.0,0.01,0.0,0.0,0.0,0.0,0.0,0.0,0.0,0.0,0.0,0.0,0.0,0.0,0.0,0.0,0.0,0.0,0.0,0.0,0.0,15686.18,12479.32,37.29952008080985,2020.0,2020-10-05,Long rains
Kenya,Amajyepfo,Gisagara,81.0,76.02955487046023,27996.21,25.78,14.87,17.18,18.47,17.89,17.36,18.32,20.64,21.53,22.97,24.95,25.19,25.05,24.61,24.97,25.98,27.83,28.8,29.63,30.53,32.81,35.65,38.34,41.49,47.89,52.36,60.83,80.47,124.38,172.76,137.13,116.64,108.3,85.09,81.59,71.69,98.47,89.15,77.37,80.75,83.77,89.21,92.41,91.56,97.17,105.14,109.53,120.75,123.87,131.72,136.32,141.99,161.59,163.39,168.95,178.22,196.57,218.4,213.66,202.23,181.26,176.76,189.59,154.44,145.68,141.66,148.32,169.21,162.68,172.89,190.17,213.6,242.21,249.06,238.97,218.37,290.13,223.13,723.97,312.82,231.32,316.9,398.26,463.58,213.24,104.9,107.09,5188.84,114.11,125.63,116.22,97.46,130.13,77.97,74.37,73.82,78.82,69.24,60.37,57.48,56.01,53.31,54.72,53.2,52.5,51.74,53.29,59.53,61.62,64.54,56.48,48.77,42.98,34.69,28.51,23.92,23.92,22.95,19.25,18.58,17.63,17.37,18.1,17.22,16.98,17.34,19.69,19.61,20.32,21.27,23.67,26.11,32.74,42.18,54.6,60.25,71.03,98.12,120.2,115.75,75.04,109.06,67.54,30.26,18.99,10.04,30.6,14.85,2.99,2.97,2.73,3.12,2.57,2.27,2.38,2.49,2.24,2.45,2.23,1.89,1.73,1.87,1.94,1.75,1.58,1.36,1.59,1.69,1.51,1.45,1.43,1.33,1.49,1.28,1.28,1.15,1.22,1.32,1.27,1.29,1.34,1.33,1.4,1.59,1.64,1.8,1.59,1.44,1.86,1.99,2.24,2.06,2.11,2.25,2.15,1.8,2.15,1.98,1.09,0.55,0.53,0.36,0.5,0.34,0.29,0.28,0.23,0.38,0.26,0.25,0.24,0.23,0.21,0.19,0.15,0.17,0.18,0.26,0.27,0.11,0.15,0.1,0.13,0.08,0.04,0.09,0.08,0.07,0.07,0.04,0.06,0.0,0.01,0.0,0.0,0.0,0.0,0.01,0.0,0.0,0.0,0.0,0.0,0.0,0.0,0.0,0.0,0.0,0.0,0.0,0.0,0.0,0.0,0.0,0.0,0.0,0.0,0.0,0.0,0.0,0.0,0.0,0.0,0.0,0.0,0.0,0.0,0.0,0.0,0.0,0.0,0.0,0.0,0.0,0.0,0.0,0.0,0.0,0.0,0.0,0.0,0.0,0.0,0.0,0.0,0.0,0.0,0.0,0.0,0.0,0.0,0.0,0.0,0.0,0.0,0.0,0.0,0.0,0.0,0.0,0.0,0.0,0.0,0.0,0.0,0.0,0.0,0.0,0.0,0.0,0.0,0.0,0.0,0.0,0.0,0.0,0.0,0.0,0.0,0.0,0.0,0.0,0.0,0.0,0.0,0.0,0.0,0.0,0.0,0.0,0.0,0.0,0.0,0.0,0.0,0.0,0.0,0.0,0.0,0.0,0.0,0.0,0.0,0.0,0.0,0.0,0.0,0.0,0.0,0.0,0.0,0.0,0.0,0.0,0.0,0.0,0.0,0.0,0.0,0.0,0.0,0.0,0.0,0.0,0.0,0.0,18412.76,16209.2,27.32374731127666,2020.0,2020-10-05,Long rains
Kenya,Iburasirazuba,Nyagatare,62.0,61.421336486250134,81353.92,282.31,145.85,153.01,157.83,161.36,164.41,170.88,175.54,178.14,184.22,188.92,192.34,197.26,201.79,206.14,210.68,214.56,213.63,221.36,225.39,228.57,237.11,243.18,252.15,258.35,266.17,270.5,287.55,297.92,311.41,324.75,343.59,363.57,384.83,405.7,429.13,452.86,472.03,496.15,507.08,512.22,511.4,523.17,508.85,518.66,528.73,550.9,574.0,578.83,603.61,620.39,649.63,679.76,700.2,717.78,740.88,756.09,782.57,758.47,707.4,632.24,596.99,585.14,543.22,539.22,541.45,585.39,678.89,722.02,837.12,964.64,1159.77,1042.39,855.46,799.67,756.91,781.49,686.96,649.87,541.91,472.36,432.65,426.62,365.51,263.95,191.28,158.29,5366.2,120.79,109.3,104.88,105.92,119.58,90.54,91.39,98.7,94.31,95.16,92.21,93.79,92.01,87.4,87.15,76.73,66.21,60.01,59.16,60.35,53.28,51.47,50.09,51.24,51.57,53.03,56.07,56.62,64.81,71.4,61.83,52.89,45.19,54.15,54.86,55.06,65.51,82.22,105.41,101.13,88.18,82.34,84.31,115.67,117.49,90.65,73.33,76.58,129.95,121.69,81.11,57.3,46.71,67.85,69.08,20.53,12.27,6.29,16.67,8.64,1.26,1.54,0.77,1.21,0.77,0.31,0.26,0.14,0.23,0.35,0.13,0.08,0.1,0.14,0.07,0.16,0.11,0.13,0.18,0.17,0.23,0.16,0.12,0.13,0.16,0.1,0.07,0.1,0.15,0.07,0.05,0.02,0.01,0.05,0.04,0.04,0.03,0.02,0.0,0.03,0.0,0.01,0.03,0.0,0.01,0.0,0.01,0.0,0.0,0.02,0.0,0.0,0.01,0.0,0.0,0.0,0.0,0.0,0.0,0.0,0.01,0.0,0.02,0.02,0.0,0.0,0.01,0.0,0.0,0.01,0.0,0.0,0.01,0.01,0.0,0.01,0.01,0.03,0.01,0.0,0.02,0.0,0.0,0.0,0.0,0.0,0.0,0.0,0.0,0.0,0.0,0.0,0.0,0.0,0.0,0.0,0.0,0.0,0.0,0.0,0.0,0.0,0.0,0.0,0.0,0.0,0.0,0.0,0.0,0.0,0.0,0.0,0.0,0.0,0.0,0.0,0.0,0.0,0.0,0.0,0.0,0.0,0.0,0.0,0.0,0.0,0.0,0.0,0.0,0.0,0.0,0.0,0.0,0.0,0.0,0.0,0.0,0.0,0.0,0.0,0.0,0.0,0.0,0.0,0.0,0.0,0.0,0.0,0.0,0.0,0.0,0.0,0.0,0.0,0.0,0.0,0.0,0.0,0.0,0.0,0.0,0.0,0.0,0.0,0.0,0.0,0.0,0.0,0.0,0.0,0.0,0.0,0.0,0.0,0.0,0.0,0.0,0.0,0.0,0.0,0.0,0.0,0.0,0.0,0.0,0.0,0.0,0.0,0.01,0.0,0.0,0.0,0.0,0.0,0.0,0.0,0.0,0.0,0.0,0.0,0.0,0.0,0.0,0.0,0.0,0.0,0.0,0.0,0.0,0.0,0.0,0.0,0.0,0.0,0.0,0.0,0.0,0.0,42975.76,44817.38,27.88303885525964,2020.0,2020-10-05,Long rains
Kenya,Iburengerazuba,Karongi,76.0,72.5997026741988,43379.45,57.91,30.77,32.01,34.69,34.38,34.69,36.86,38.02,39.29,41.71,43.52,45.18,47.16,49.76,52.21,54.27,57.38,59.09,63.48,65.3,69.31,71.64,73.87,75.6,77.78,84.45,88.62,97.51,106.29,129.03,142.25,209.66,204.46,219.96,154.5,133.84,160.58,169.52,196.44,376.24,152.67,122.68,116.21,105.58,113.19,134.78,373.15,322.12,139.05,111.29,96.09,94.26,103.33,91.8,132.86,164.72,100.96,102.87,98.32,104.68,111.48,122.28,136.5,144.81,157.41,173.75,194.57,216.36,234.65,263.46,286.55,322.28,381.0,416.99,393.54,372.3,706.79,497.52,396.9,341.79,247.59,237.66,313.48,312.84,238.72,122.11,111.22,4494.53,111.88,109.13,107.01,85.97,95.13,69.36,62.45,55.91,50.75,52.69,52.92,52.91,48.86,47.85,51.17,47.39,45.92,42.01,39.86,41.75,36.13,35.25,32.4,32.01,33.86,31.22,30.75,28.27,32.36,33.9,25.87,23.34,20.64,22.87,22.21,21.0,20.14,19.94,21.84,22.44,24.07,26.95,30.15,34.98,41.53,52.62,62.81,79.91,158.6,108.45,97.16,86.54,73.9,167.35,119.19,94.3,70.59,45.19,60.96,47.3,27.1,18.96,12.33,16.39,15.05,4.35,3.57,2.89,3.78,3.1,1.63,1.42,0.99,1.75,1.42,0.47,0.37,0.21,0.27,0.3,0.24,0.21,0.22,0.16,0.19,0.17,0.18,0.13,0.15,0.12,0.16,0.18,0.14,0.13,0.1,0.13,0.15,0.24,0.17,0.09,0.19,0.25,0.19,0.23,0.31,0.2,0.36,0.41,0.39,0.31,0.23,0.17,0.17,0.16,6.74,0.43,0.44,0.58,0.47,0.16,0.08,0.09,0.07,0.08,0.06,0.04,0.04,0.06,0.11,0.09,0.1,0.08,0.02,0.03,0.08,0.04,0.02,0.04,0.03,0.01,0.02,0.0,0.02,0.01,0.0,0.0,0.01,0.0,0.01,0.0,0.0,0.0,0.0,0.0,0.0,0.0,0.0,0.0,0.0,0.0,0.0,0.0,0.0,0.0,0.0,0.0,0.0,0.0,0.0,0.0,0.0,0.0,0.0,0.0,0.0,0.0,0.0,0.0,0.0,0.0,0.0,0.0,0.0,0.0,0.0,0.0,0.0,0.0,0.0,0.0,0.0,0.0,0.0,0.0,0.0,0.0,0.0,0.0,0.0,0.0,0.0,0.0,0.0,0.0,0.0,0.0,0.0,0.0,0.0,0.0,0.0,0.0,0.0,0.0,0.0,0.0,0.0,0.0,0.0,0.0,0.0,0.0,0.0,0.0,0.0,0.0,0.0,0.0,0.0,0.0,0.0,0.0,0.0,0.0,0.0,0.0,0.0,0.0,0.0,0.0,0.0,0.0,0.0,0.0,0.0,0.0,0.0,0.0,0.0,0.0,0.0,0.0,0.0,0.0,0.0,0.0,0.0,0.0,0.0,0.0,0.0,0.0,0.0,0.0,0.0,0.01,0.0,0.0,0.0,0.0,0.0,0.0,0.0,0.0,0.0,0.0,0.0,0.0,19973.76,29803.05,30.61254713734333,2020.0,2020-10-05,Long rains
Kenya,Amajyaruguru,Gakenke,77.0,67.91981943562479,14972.47,160.63,84.13,86.62,91.1,90.06,95.79,100.7,103.73,105.56,109.54,111.86,114.57,117.97,121.69,126.13,131.91,135.08,142.83,146.41,153.06,165.68,188.38,214.36,240.21,267.48,318.14,257.87,125.21,83.47,82.93,89.46,88.07,83.99,803.87,400.39,158.66,103.78,110.6,57.5,60.89,63.26,69.62,71.56,76.86,82.11,88.25,92.68,98.06,99.15,107.29,112.96,108.43,104.98,80.29,72.84,67.3,78.66,129.58,127.98,65.11,55.94,55.41,55.34,42.11,43.6,46.5,50.92,64.86,77.74,85.94,97.61,102.61,98.16,98.31,89.53,92.44,386.97,88.05,163.49,136.67,98.9,110.41,137.39,170.85,108.15,67.08,66.6,5098.24,74.6,78.3,80.77,73.88,76.27,51.03,50.07,47.69,40.36,40.56,35.91,32.95,28.95,28.15,30.65,28.55,27.31,25.87,25.39,27.0,24.52,20.99,19.41,18.71,18.27,17.53,16.36,14.73,13.31,14.36,12.86,13.2,12.76,12.96,13.4,12.45,12.85,13.48,14.47,16.19,17.85,21.15,26.14,30.32,35.4,44.42,55.26,117.31,284.52,113.66,100.98,84.47,82.65,372.35,114.01,294.56,81.86,54.04,67.06,58.57,28.73,18.01,15.9,37.83,39.04,14.13,6.41,7.87,2.98,2.12,1.51,1.0,0.83,0.99,0.87,0.38,0.4,0.27,0.42,0.29,0.14,0.2,0.15,0.23,0.26,0.23,0.15,0.28,0.24,0.18,0.13,0.09,0.05,0.1,0.25,0.05,0.08,0.06,0.06,0.04,0.05,0.06,0.05,0.03,0.08,0.06,0.04,0.04,0.03,0.02,0.02,0.05,0.07,0.02,0.04,0.04,0.03,0.02,0.05,0.03,0.05,0.01,0.01,0.03,0.02,0.04,0.03,0.07,0.04,0.01,0.03,0.04,0.0,0.05,0.02,0.01,0.01,0.02,0.03,0.01,0.0,0.01,0.0,0.0,0.0,0.0,0.0,0.01,0.0,0.0,0.0,0.0,0.0,0.0,0.0,0.0,0.0,0.0,0.0,0.0,0.0,0.0,0.0,0.0,0.0,0.0,0.0,0.0,0.0,0.0,0.0,0.0,0.0,0.0,0.0,0.0,0.0,0.0,0.0,0.0,0.0,0.0,0.0,0.0,0.0,0.0,0.0,0.0,0.0,0.0,0.0,0.0,0.0,0.0,0.0,0.0,0.0,0.0,0.0,0.0,0.0,0.0,0.0,0.0,0.0,0.0,0.0,0.0,0.0,0.0,0.0,0.0,0.0,0.0,0.0,0.0,0.0,0.0,0.0,0.0,0.0,0.0,0.0,0.0,0.0,0.0,0.0,0.0,0.0,0.0,0.0,0.0,0.0,0.0,0.0,0.0,0.0,0.0,0.0,0.0,0.0,0.0,0.0,0.0,0.0,0.0,0.0,0.0,0.0,0.01,0.0,0.01,0.0,0.0,0.0,0.01,0.01,0.0,0.0,0.0,0.0,0.0,0.0,0.0,0.0,0.0,0.0,0.0,0.0,0.0,0.0,0.0,0.0,0.0,0.0,0.0,0.0,0.0,14910.9,26421.61,39.40323211516774,2020.0,2020-10-05,Long rains
Kenya,Iburasirazuba,Kirehe,75.0,71.74073974229152,77364.13,25.1,13.02,13.26,15.16,15.97,16.55,17.24,18.09,20.47,21.2,22.35,22.9,25.82,26.24,29.21,30.12,29.52,32.35,34.46,37.68,38.55,41.07,43.18,44.15,45.97,47.5,52.18,51.84,58.57,58.92,58.86,63.02,67.79,73.32,80.14,90.58,88.27,80.36,85.38,93.15,85.42,89.16,94.17,97.87,105.12,109.07,113.0,119.17,126.5,132.75,138.64,145.27,151.83,157.47,159.56,163.97,168.9,178.77,183.66,197.21,204.29,207.21,213.72,221.53,228.86,232.85,248.25,257.66,269.79,292.73,322.82,364.85,394.03,418.58,442.36,385.98,368.74,301.45,287.4,275.61,243.07,235.18,225.86,230.25,207.43,271.35,388.14,3323.09,139.81,156.13,151.7,114.25,94.41,83.06,85.9,70.67,71.35,71.23,63.63,79.61,61.23,62.09,63.61,63.29,64.25,55.54,47.47,41.73,38.69,38.53,31.14,29.2,29.0,26.92,32.39,24.03,21.51,19.21,20.73,20.08,17.27,16.77,14.44,17.29,14.76,12.29,14.28,15.77,16.46,11.82,8.89,8.1,8.37,9.87,11.64,11.0,11.19,12.39,15.53,13.04,9.46,7.51,5.48,5.7,5.05,3.52,2.58,1.9,1.71,1.73,1.15,0.91,0.98,1.1,0.97,0.88,0.77,0.77,0.82,0.7,0.73,0.69,0.39,0.37,0.33,0.26,0.28,0.15,0.16,0.18,0.12,0.1,0.18,0.17,0.17,0.1,0.12,0.09,0.12,0.1,0.11,0.06,0.09,0.13,0.09,0.07,0.13,0.11,0.07,0.06,0.1,0.11,0.05,0.09,0.11,0.07,0.13,0.11,0.1,0.08,0.09,0.14,0.06,0.02,0.06,0.05,0.08,0.03,0.02,0.02,0.06,0.03,0.07,0.02,0.02,0.03,0.07,0.06,0.03,0.02,0.05,0.07,0.05,0.04,0.04,0.01,0.0,0.03,0.03,0.01,0.02,0.01,0.0,0.0,0.0,0.02,0.0,0.0,0.0,0.0,0.0,0.0,0.0,0.0,0.0,0.0,0.0,0.0,0.0,0.0,0.0,0.0,0.0,0.0,0.0,0.0,0.0,0.0,0.0,0.0,0.0,0.0,0.0,0.0,0.0,0.0,0.0,0.0,0.0,0.0,0.0,0.0,0.0,0.0,0.0,0.0,0.0,0.0,0.0,0.0,0.0,0.0,0.0,0.0,0.0,0.0,0.0,0.0,0.0,0.0,0.0,0.0,0.0,0.0,0.0,0.0,0.0,0.0,0.0,0.0,0.0,0.0,0.0,0.0,0.0,0.0,0.0,0.0,0.0,0.0,0.0,0.0,0.0,0.0,0.0,0.0,0.0,0.0,0.0,0.0,0.0,0.0,0.0,0.0,0.0,0.0,0.0,0.0,0.0,0.0,0.0,0.0,0.0,0.0,0.0,0.0,0.0,0.0,0.0,0.0,0.0,0.0,0.0,0.0,0.0,0.0,0.0,0.0,0.0,0.0,0.0,0.0,0.0,0.0,0.0,0.0,0.0,0.0,0.0,0.0,0.0,0.0,0.0,0.0,0.0,0.0,16795.05,17311.08,22.634592941303445,2020.0,2020-10-05,Long rains
Kenya,Umujyi wa Kigali,Kicukiro,80.0,77.93471634401115,10216.16,6.49,3.83,3.7,3.79,3.62,4.16,4.04,3.96,4.71,4.4,5.09,4.54,4.6,5.09,5.43,5.37,5.91,5.42,5.48,6.17,6.51,6.85,6.87,7.69,7.98,8.05,8.66,8.62,9.48,10.37,11.1,14.83,12.31,13.26,13.77,15.77,21.85,14.48,12.13,11.75,12.82,13.41,13.95,13.29,13.07,13.17,13.34,14.35,13.83,14.09,14.3,15.1,15.28,16.24,18.0,20.3,23.32,22.46,19.27,17.71,18.51,17.56,19.01,19.85,21.8,23.43,27.44,32.45,37.78,48.66,57.42,64.77,73.51,70.96,65.91,57.44,70.56,48.44,46.71,40.72,40.91,41.58,38.23,38.49,31.02,23.68,24.24,628.3,22.78,21.61,20.55,21.1,25.95,17.19,15.95,16.12,16.32,21.58,16.08,16.42,15.88,16.48,19.36,14.98,13.0,12.09,11.34,15.26,10.91,9.88,8.85,8.64,9.76,10.03,11.19,11.16,13.74,17.36,17.5,15.14,10.82,20.04,20.87,12.78,7.51,5.04,7.91,6.12,3.82,4.13,5.19,5.59,3.62,4.15,3.47,3.64,4.69,4.64,5.38,4.78,4.37,4.74,7.42,2.18,1.81,1.41,3.1,2.67,1.49,1.52,1.44,1.59,1.23,1.37,1.38,1.4,1.24,1.43,1.31,1.01,1.17,1.16,1.19,1.17,1.05,0.86,0.88,1.03,0.96,1.09,0.94,0.91,0.81,0.91,0.66,0.71,0.79,0.91,0.53,0.55,0.43,0.41,0.46,0.51,0.41,0.52,0.45,0.47,0.43,0.48,0.54,0.64,0.4,0.3,0.22,0.15,0.22,0.19,0.09,0.05,0.09,0.13,0.05,0.04,0.03,0.09,0.09,0.04,0.06,0.07,0.04,0.06,0.01,0.03,0.02,0.04,0.01,0.01,0.01,0.02,0.02,0.0,0.0,0.0,0.01,0.01,0.0,0.01,0.01,0.0,0.0,0.0,0.0,0.0,0.0,0.0,0.0,0.0,0.0,0.0,0.0,0.0,0.0,0.0,0.0,0.0,0.0,0.0,0.0,0.0,0.0,0.0,0.0,0.0,0.0,0.0,0.0,0.0,0.0,0.0,0.0,0.0,0.0,0.0,0.0,0.0,0.0,0.0,0.0,0.0,0.0,0.0,0.0,0.0,0.0,0.0,0.0,0.0,0.0,0.0,0.0,0.0,0.0,0.0,0.0,0.0,0.0,0.0,0.0,0.0,0.0,0.0,0.0,0.0,0.0,0.0,0.0,0.0,0.0,0.0,0.0,0.0,0.0,0.0,0.0,0.0,0.0,0.0,0.0,0.0,0.0,0.0,0.0,0.0,0.0,0.0,0.0,0.0,0.0,0.0,0.0,0.0,0.0,0.0,0.0,0.0,0.0,0.0,0.0,0.0,0.0,0.0,0.0,0.0,0.0,0.0,0.0,0.0,0.0,0.0,0.0,0.0,0.0,0.01,0.0,0.0,0.0,0.0,0.0,0.0,0.0,0.0,0.0,0.0,0.0,0.0,0.0,0.0,0.0,0.0,0.0,0.0,0.0,0.0,0.0,0.0,2879.42,2721.05,28.19417564760716,2020.0,2020-10-05,Long rains
Kenya,Amajyaruguru,Rulindo,45.0,53.460216157957476,10488.81,332.5,180.28,187.58,195.95,208.3,218.74,230.83,241.18,249.78,255.0,263.48,266.79,270.23,276.24,276.81,279.05,278.91,284.04,286.47,293.32,303.54,321.89,339.89,378.71,435.03,542.98,714.78,335.5,237.28,214.83,205.15,203.38,189.67,227.04,203.83,179.16,194.34,187.25,173.29,177.07,176.29,183.23,189.44,197.71,209.48,217.99,223.64,235.43,260.44,295.8,268.72,222.49,184.15,147.33,116.74,97.9,87.5,92.95,131.93,84.14,68.46,71.44,77.53,58.6,62.03,64.78,67.01,72.41,76.64,83.54,88.65,94.21,101.0,96.88,88.22,90.63,232.51,87.16,113.95,91.21,68.77,86.11,115.53,138.4,80.8,38.32,43.14,4274.09,41.45,40.9,42.55,39.41,43.42,39.69,42.32,54.52,59.53,47.46,45.57,47.52,49.47,49.27,55.56,52.87,49.94,43.01,42.96,47.01,41.43,37.04,33.54,33.52,34.28,30.96,30.39,27.8,27.03,26.21,23.94,22.83,19.74,22.17,20.8,17.84,18.75,18.63,19.21,19.25,18.94,20.14,21.41,24.61,28.32,32.01,40.41,53.33,326.87,126.6,52.92,44.27,45.54,171.83,72.37,73.51,42.62,32.98,53.81,45.4,23.86,14.8,9.33,12.3,9.06,2.94,4.15,4.84,3.06,1.21,0.57,0.52,0.29,0.62,0.4,0.29,0.21,0.17,0.11,0.11,0.09,0.11,0.11,0.08,0.11,0.11,0.12,0.07,0.12,0.08,0.03,0.1,0.09,0.14,0.09,0.11,0.1,0.04,0.07,0.05,0.08,0.02,0.08,0.07,0.03,0.07,0.06,0.04,0.05,0.05,0.03,0.03,0.04,0.04,0.02,0.03,0.03,0.03,0.0,0.03,0.04,0.05,0.03,0.01,0.01,0.03,0.02,0.02,0.04,0.02,0.03,0.01,0.02,0.05,0.04,0.01,0.01,0.0,0.02,0.0,0.01,0.01,0.0,0.0,0.0,0.0,0.0,0.0,0.0,0.0,0.0,0.0,0.0,0.0,0.0,0.0,0.0,0.0,0.0,0.0,0.0,0.0,0.0,0.0,0.0,0.0,0.0,0.0,0.0,0.0,0.0,0.0,0.0,0.0,0.0,0.0,0.0,0.0,0.0,0.0,0.0,0.0,0.0,0.0,0.0,0.0,0.0,0.0,0.0,0.0,0.0,0.0,0.0,0.0,0.0,0.0,0.0,0.0,0.0,0.0,0.0,0.0,0.0,0.0,0.0,0.0,0.0,0.0,0.0,0.0,0.0,0.0,0.0,0.0,0.0,0.0,0.0,0.0,0.0,0.0,0.0,0.0,0.0,0.0,0.0,0.0,0.0,0.0,0.0,0.0,0.0,0.0,0.0,0.0,0.0,0.0,0.0,0.0,0.0,0.0,0.0,0.0,0.0,0.0,0.0,0.0,0.0,0.0,0.0,0.0,0.0,0.0,0.0,0.0,0.0,0.0,0.0,0.0,0.0,0.0,0.0,0.0,0.0,0.0,0.0,0.0,0.0,0.0,0.0,0.0,0.0,0.0,0.0,0.0,0.0,0.0,0.0,0.0,14868.43,15086.92,37.78289775429456,2020.0,2020-10-05,Long rains
Kenya,Iburengerazuba,Ngororero,76.0,64.93007617524033,22545.32,68.3,36.37,38.44,40.78,41.03,43.95,46.33,49.55,53.0,57.07,60.64,66.24,71.83,80.43,83.83,89.02,99.08,105.96,118.52,132.22,148.37,175.26,212.36,266.73,345.91,487.76,844.26,729.51,425.75,281.56,213.1,250.7,199.58,573.62,598.38,271.13,170.51,77.62,41.42,48.01,52.38,51.8,41.35,35.57,35.52,35.03,36.98,37.53,35.16,36.13,36.85,41.14,42.99,39.2,41.47,41.6,45.85,50.04,48.96,48.91,47.8,53.88,60.68,80.56,81.69,66.51,62.26,71.4,66.03,76.37,85.36,101.69,140.19,177.16,172.78,171.55,614.21,143.65,156.78,134.28,115.51,137.55,185.56,178.29,113.65,68.68,68.9,6528.75,90.67,71.05,70.99,59.29,64.11,60.26,49.13,45.33,34.08,34.71,34.76,33.63,31.8,28.46,34.37,30.32,28.5,22.71,20.6,24.19,18.58,18.15,15.24,16.27,17.24,15.37,15.23,13.82,12.05,12.82,10.68,10.05,8.49,9.26,8.96,8.5,7.91,8.05,8.29,8.82,9.93,11.13,12.14,13.57,14.95,22.73,25.61,26.78,30.63,30.87,32.43,31.65,32.73,145.63,67.72,191.01,60.39,52.39,70.2,82.88,48.66,35.66,28.19,42.84,46.82,19.16,16.45,17.23,10.58,8.21,5.13,3.59,3.04,2.97,2.35,1.73,1.21,1.06,1.01,0.89,0.8,0.62,0.63,0.42,0.47,0.48,0.38,0.39,0.33,0.35,0.29,0.23,0.27,0.3,0.2,0.21,0.18,0.2,0.21,0.17,0.17,0.16,0.18,0.15,0.12,0.15,0.11,0.16,0.25,0.25,0.19,0.21,0.24,0.26,0.19,0.2,0.08,0.12,0.11,0.24,0.24,0.12,0.14,0.12,0.16,0.05,0.1,0.05,0.04,0.07,0.1,0.12,0.09,0.11,0.1,0.06,0.07,0.07,0.06,0.05,0.01,0.08,0.05,0.02,0.03,0.03,0.01,0.0,0.03,0.01,0.0,0.0,0.0,0.0,0.0,0.0,0.0,0.0,0.0,0.0,0.0,0.0,0.0,0.0,0.0,0.0,0.0,0.0,0.0,0.0,0.0,0.0,0.0,0.0,0.0,0.0,0.0,0.0,0.0,0.0,0.0,0.0,0.0,0.0,0.0,0.0,0.0,0.0,0.0,0.0,0.0,0.0,0.0,0.0,0.0,0.0,0.0,0.0,0.0,0.0,0.0,0.0,0.0,0.0,0.0,0.0,0.0,0.0,0.0,0.0,0.0,0.0,0.0,0.0,0.0,0.0,0.0,0.0,0.0,0.0,0.0,0.0,0.0,0.0,0.0,0.0,0.0,0.0,0.0,0.0,0.0,0.0,0.0,0.0,0.0,0.0,0.0,0.0,0.0,0.0,0.0,0.0,0.0,0.0,0.0,0.0,0.0,0.0,0.0,0.0,0.0,0.0,0.0,0.0,0.0,0.0,0.0,0.0,0.0,0.0,0.0,0.0,0.0,0.0,0.0,0.0,0.0,0.0,0.0,0.0,0.0,0.0,0.0,0.0,0.0,0.0,0.0,0.0,15408.41,18304.79,35.219520600762365,2020.0,2020-10-05,Long rains
Kenya,Amajyepfo,Huye,84.0,79.39863674154576,23267.31,12.54,7.66,7.8,8.44,9.46,8.57,9.36,9.44,11.1,12.21,11.54,11.85,12.0,12.39,13.33,13.11,13.21,14.36,14.91,15.89,16.68,18.05,19.09,21.53,23.65,24.89,27.38,30.33,33.46,38.44,41.26,43.65,45.62,46.5,48.89,50.44,53.15,53.55,53.42,53.97,55.05,59.75,64.67,67.07,72.12,75.92,82.22,89.11,84.32,81.12,79.2,84.26,88.0,76.9,77.04,76.99,82.54,92.23,85.15,84.79,83.51,85.55,92.62,93.89,95.37,98.96,110.57,120.16,128.55,142.84,154.22,173.72,200.29,220.65,233.29,227.67,506.77,251.88,438.76,269.62,220.32,252.74,357.71,316.13,199.55,106.87,102.64,4742.39,88.34,83.98,84.42,73.3,82.62,69.06,69.05,69.82,61.28,64.63,53.9,52.94,51.58,51.63,58.81,54.95,54.42,51.4,51.17,59.52,50.65,45.92,40.87,37.17,37.29,32.98,31.54,27.73,28.15,27.1,23.96,22.05,21.49,20.64,19.57,18.63,17.58,16.04,18.32,18.54,17.92,17.01,19.18,22.69,24.53,29.27,35.62,42.17,48.92,58.42,50.82,41.39,29.77,63.03,36.45,21.06,17.81,13.02,21.72,16.1,8.99,8.07,6.06,6.16,4.41,2.62,2.33,1.82,2.28,1.97,1.35,1.31,0.95,0.9,0.71,0.58,0.42,0.24,0.3,0.23,0.22,0.24,0.2,0.11,0.12,0.15,0.11,0.1,0.07,0.07,0.12,0.1,0.06,0.05,0.02,0.08,0.08,0.01,0.04,0.03,0.03,0.0,0.03,0.06,0.05,0.01,0.02,0.02,0.06,0.02,0.05,0.04,0.01,0.01,0.0,0.01,0.01,0.02,0.01,0.0,0.01,0.0,0.01,0.0,0.0,0.0,0.0,0.01,0.0,0.01,0.0,0.0,0.0,0.01,0.0,0.02,0.0,0.0,0.0,0.0,0.01,0.0,0.01,0.0,0.0,0.0,0.0,0.0,0.0,0.0,0.0,0.0,0.0,0.0,0.0,0.0,0.0,0.0,0.0,0.0,0.0,0.0,0.0,0.0,0.0,0.0,0.0,0.0,0.0,0.0,0.0,0.0,0.0,0.0,0.0,0.0,0.0,0.0,0.0,0.0,0.0,0.0,0.0,0.0,0.0,0.0,0.0,0.0,0.0,0.0,0.0,0.0,0.0,0.0,0.0,0.0,0.0,0.0,0.0,0.0,0.0,0.0,0.0,0.0,0.0,0.0,0.0,0.0,0.0,0.0,0.0,0.0,0.0,0.0,0.0,0.0,0.0,0.0,0.0,0.0,0.0,0.0,0.0,0.0,0.0,0.0,0.0,0.0,0.0,0.0,0.0,0.0,0.0,0.0,0.0,0.0,0.0,0.0,0.0,0.0,0.0,0.0,0.0,0.0,0.0,0.0,0.0,0.0,0.0,0.0,0.0,0.0,0.0,0.0,0.0,0.0,0.0,0.0,0.0,0.0,0.0,0.0,0.0,0.0,0.0,0.0,0.0,0.0,0.0,0.0,0.0,0.0,0.0,0.0,0.0,0.0,0.0,0.0,14558.34,14777.09,23.601791215320482,2020.0,2020-10-05,Long rains
Kenya,Umujyi wa Kigali,Nyarugenge,62.0,60.55956529929826,6623.08,14.23,7.04,7.68,7.69,7.55,7.73,7.8,7.86,8.06,7.71,8.04,8.43,8.51,8.78,9.54,9.54,10.99,11.07,12.57,14.85,18.17,23.47,31.98,46.3,69.51,114.39,152.76,87.41,23.74,14.04,15.89,17.68,12.97,14.11,11.3,10.86,11.76,9.57,9.15,8.57,8.96,8.86,8.56,10.04,9.59,10.83,10.88,12.07,11.98,14.2,15.74,18.07,20.38,21.94,22.96,21.98,24.56,26.45,27.19,25.53,24.97,23.65,22.63,20.65,19.41,19.66,22.07,26.47,26.57,31.57,38.06,41.14,45.05,42.33,37.49,33.39,41.46,29.52,27.87,24.36,22.18,21.64,23.8,21.37,19.21,14.78,12.99,296.91,10.87,9.54,8.45,6.93,7.82,5.83,5.19,5.22,3.96,5.72,3.21,3.22,3.09,2.91,3.26,2.55,2.62,2.56,2.55,3.1,2.38,2.22,2.18,2.4,2.58,2.58,2.45,3.29,3.91,6.24,7.27,5.04,2.41,3.79,2.66,1.29,1.46,1.38,1.48,1.57,1.32,2.29,5.01,5.21,10.11,7.21,2.47,2.15,2.99,3.51,3.81,3.03,2.5,8.06,4.52,6.44,1.65,1.64,2.31,0.95,0.97,1.03,0.95,1.03,1.31,1.37,1.27,1.41,1.54,1.43,1.42,1.48,1.73,1.42,1.64,1.64,1.59,1.46,1.36,1.63,1.74,1.37,1.44,1.4,1.42,1.48,1.43,1.67,1.48,1.44,1.31,1.19,1.15,1.3,1.06,0.92,0.93,1.09,0.72,0.78,0.71,0.78,0.76,0.76,0.58,0.51,0.31,0.4,0.33,0.34,0.35,0.27,0.31,0.25,0.28,0.16,0.13,0.17,0.09,0.18,0.12,0.26,0.13,0.12,0.16,0.14,0.11,0.1,0.06,0.13,0.01,0.04,0.03,0.04,0.06,0.01,0.02,0.01,0.02,0.02,0.01,0.01,0.03,0.0,0.0,0.0,0.0,0.0,0.0,0.0,0.0,0.01,0.0,0.0,0.0,0.0,0.0,0.0,0.0,0.0,0.0,0.0,0.0,0.0,0.0,0.0,0.0,0.0,0.0,0.0,0.0,0.0,0.0,0.0,0.0,0.0,0.0,0.0,0.0,0.0,0.0,0.0,0.0,0.0,0.0,0.0,0.0,0.0,0.0,0.0,0.0,0.0,0.0,0.0,0.0,0.0,0.0,0.0,0.0,0.0,0.0,0.0,0.0,0.0,0.0,0.0,0.0,0.0,0.0,0.0,0.0,0.0,0.0,0.0,0.0,0.0,0.0,0.0,0.0,0.0,0.0,0.0,0.0,0.0,0.0,0.0,0.0,0.0,0.0,0.0,0.0,0.0,0.0,0.0,0.0,0.0,0.0,0.0,0.0,0.0,0.0,0.0,0.0,0.0,0.0,0.0,0.0,0.0,0.0,0.0,0.0,0.0,0.0,0.0,0.0,0.0,0.01,0.0,0.0,0.0,0.0,0.0,0.0,0.0,0.0,0.0,0.0,0.0,0.0,0.0,0.0,0.0,0.0,0.0,0.0,0.0,0.0,0.0,1751.78,3213.24,35.59331498217012,2020.0,2020-10-05,Long rains
Kenya,Amajyaruguru,Musanze,87.0,89.05848087742069,19406.71,30.1,15.17,15.87,16.77,17.47,17.86,17.8,19.49,19.78,20.28,21.07,20.71,22.76,23.11,24.78,25.16,28.86,29.63,32.34,36.49,38.64,43.25,47.06,52.35,58.28,86.57,302.62,116.72,43.32,42.51,51.69,81.46,53.07,59.58,75.07,64.98,87.61,131.1,54.03,58.11,55.42,57.16,56.23,57.78,57.74,62.57,66.8,70.66,73.73,80.41,94.41,117.1,163.43,110.55,87.52,79.25,80.56,90.24,119.55,122.04,113.89,109.21,87.03,82.08,83.61,88.61,95.44,100.35,107.3,118.96,134.71,149.92,159.53,161.57,156.22,168.2,461.71,150.43,159.08,162.12,173.25,186.32,189.81,173.16,135.26,99.23,93.24,2906.09,92.97,85.34,70.17,78.03,80.84,53.56,49.0,47.7,43.74,43.99,45.07,48.82,51.01,50.6,52.43,49.95,48.65,45.15,44.78,47.85,43.33,40.17,39.53,39.75,39.87,39.39,37.89,37.24,36.31,38.84,37.87,37.11,36.25,37.04,38.41,38.66,39.9,41.05,45.92,49.53,60.79,85.37,92.97,99.93,128.0,212.93,259.95,249.77,240.24,188.15,176.75,181.65,258.97,780.26,168.36,199.23,164.23,148.19,131.68,232.63,76.34,33.77,55.1,63.05,57.65,9.74,7.33,6.36,5.92,4.78,3.74,3.52,2.87,2.92,2.55,2.14,1.82,1.37,1.58,1.2,1.1,0.84,0.96,0.78,0.89,0.73,0.79,0.53,0.51,0.53,0.61,0.47,0.37,0.45,0.43,0.29,0.34,0.33,0.45,0.39,0.48,0.58,0.34,0.51,0.46,0.35,0.38,0.36,0.43,2.67,0.3,0.46,0.58,0.58,0.46,0.32,0.27,0.09,0.38,0.59,0.58,0.53,0.22,0.41,0.52,0.26,0.22,0.12,0.18,0.35,0.13,0.06,0.03,0.04,0.06,0.02,0.06,0.0,0.01,0.01,0.01,0.0,0.0,0.0,0.0,0.0,0.0,0.0,0.0,0.0,0.0,0.0,0.0,0.0,0.0,0.0,0.0,0.0,0.0,0.0,0.0,0.0,0.0,0.0,0.0,0.0,0.0,0.0,0.0,0.0,0.0,0.0,0.0,0.0,0.0,0.0,0.0,0.0,0.0,0.0,0.0,0.0,0.0,0.0,0.0,0.0,0.0,0.0,0.0,0.0,0.0,0.0,0.0,0.0,0.0,0.0,0.0,0.0,0.0,0.0,0.0,0.0,0.0,0.0,0.0,0.0,0.0,0.0,0.0,0.0,0.0,0.0,0.0,0.0,0.0,0.0,0.0,0.0,0.0,0.0,0.0,0.0,0.0,0.0,0.0,0.0,0.0,0.0,0.0,0.0,0.0,0.0,0.0,0.0,0.0,0.0,0.0,0.0,0.0,0.0,0.0,0.0,0.0,0.0,0.0,0.0,0.0,0.0,0.0,0.0,0.0,0.0,0.0,0.0,0.0,0.0,0.0,0.0,0.0,0.0,0.0,0.0,0.0,0.0,0.0,0.0,0.0,0.0,0.0,0.0,0.0,0.0,0.0,0.0,0.0,0.0,0.0,0.0,15512.28,14633.81,38.03807218980807,2020.0,2020-10-05,Long rains
Kenya,Amajyaruguru,Gicumbi,87.0,81.48322774465001,22263.34,46.73,25.45,25.29,25.78,27.03,27.98,28.36,29.97,32.42,31.65,33.75,33.62,35.83,36.08,36.67,38.4,38.25,41.18,42.6,44.09,45.81,48.4,49.32,52.21,54.34,57.53,61.19,64.99,67.89,74.08,77.46,85.25,85.32,85.13,88.33,93.7,100.57,99.64,96.28,96.32,97.22,105.24,106.78,107.74,111.51,113.41,116.97,121.48,123.67,125.92,128.77,135.8,134.77,123.35,121.08,126.06,134.57,150.37,166.87,173.61,122.21,108.27,107.92,99.44,100.52,104.03,115.82,149.36,202.64,275.29,367.78,529.06,472.85,328.55,221.49,243.23,533.1,200.16,244.02,206.24,152.66,163.85,203.61,231.06,152.56,90.96,101.77,6744.37,109.63,111.54,101.08,87.13,115.08,79.69,80.31,76.14,60.89,58.87,54.79,54.9,54.39,53.83,56.47,55.31,54.61,49.38,46.77,49.68,43.34,40.56,37.56,36.67,37.14,33.93,34.15,32.55,34.81,36.19,29.85,29.41,26.38,28.24,27.69,26.96,27.82,28.43,35.75,42.3,37.2,38.83,43.15,53.45,60.49,69.58,84.0,118.26,426.87,249.98,165.35,119.78,99.97,273.12,219.46,318.96,107.97,55.24,240.47,42.01,14.11,9.69,5.56,11.65,11.71,2.08,3.12,7.21,2.0,1.59,0.36,0.23,0.14,0.51,0.2,0.05,0.06,0.05,0.09,0.03,0.02,0.05,0.03,0.06,0.05,0.03,0.08,0.04,0.05,0.09,0.07,0.02,0.02,0.06,0.04,0.04,0.04,0.03,0.06,0.02,0.01,0.0,0.0,0.0,0.01,0.03,0.01,0.0,0.02,0.0,0.0,0.01,0.02,0.0,0.0,0.02,0.01,0.0,0.0,0.01,0.0,0.01,0.0,0.01,0.01,0.0,0.01,0.0,0.01,0.0,0.01,0.0,0.0,0.0,0.0,0.0,0.0,0.0,0.0,0.0,0.0,0.0,0.0,0.0,0.0,0.0,0.0,0.0,0.0,0.0,0.0,0.0,0.0,0.0,0.0,0.0,0.0,0.0,0.0,0.0,0.0,0.0,0.0,0.0,0.0,0.0,0.0,0.0,0.0,0.0,0.0,0.0,0.0,0.0,0.0,0.0,0.0,0.0,0.0,0.0,0.0,0.0,0.0,0.0,0.0,0.0,0.0,0.0,0.0,0.0,0.0,0.0,0.0,0.0,0.0,0.0,0.0,0.0,0.0,0.0,0.0,0.0,0.0,0.0,0.0,0.0,0.0,0.0,0.0,0.0,0.0,0.0,0.0,0.0,0.0,0.0,0.0,0.0,0.0,0.0,0.0,0.0,0.0,0.0,0.0,0.0,0.0,0.0,0.0,0.0,0.0,0.0,0.0,0.0,0.0,0.0,0.0,0.0,0.0,0.0,0.0,0.0,0.0,0.0,0.0,0.0,0.0,0.0,0.0,0.0,0.0,0.0,0.0,0.0,0.0,0.0,0.0,0.0,0.0,0.0,0.0,0.0,0.0,0.0,0.0,0.0,0.0,0.0,0.0,0.0,0.0,0.0,0.0,0.0,0.0,0.0,0.0,0.0,20904.1,34022.87,31.209714279050893,2020.0,2020-10-05,Long rains
Kenya,Iburasirazuba,Kayonza,74.0,71.40678642540448,148816.02,41.69,22.5,23.23,23.32,24.74,25.57,26.84,28.54,29.28,30.02,33.28,32.64,36.24,37.29,40.5,41.69,43.78,46.15,49.22,52.33,56.31,57.94,62.25,65.48,71.04,77.33,85.45,93.11,92.69,94.12,101.63,109.84,111.87,116.94,120.66,125.75,137.13,131.08,129.24,133.85,131.78,132.12,136.0,133.58,136.9,138.92,143.93,147.07,154.49,159.96,162.76,168.65,174.84,184.0,194.08,210.79,217.62,228.05,231.97,225.92,210.51,205.73,213.24,201.41,192.36,184.82,185.05,198.41,185.03,196.24,211.96,232.17,254.25,270.0,277.7,274.08,321.19,270.9,267.85,260.55,257.32,224.7,210.99,191.19,170.77,150.1,145.35,2948.86,111.64,104.75,88.62,77.51,83.0,61.1,61.22,65.53,63.76,62.95,60.61,61.93,61.86,60.81,67.89,65.55,68.87,66.76,69.54,78.91,71.25,68.65,66.76,70.31,78.41,80.04,91.97,89.12,98.13,133.63,85.48,64.54,42.61,36.23,30.91,30.34,26.88,24.33,26.09,25.07,23.57,21.8,20.78,22.28,25.12,26.5,32.1,34.1,51.98,68.16,54.16,40.06,29.23,44.92,40.78,28.62,19.32,12.25,22.84,9.8,4.35,3.8,2.56,5.27,2.85,1.52,2.11,2.42,3.19,1.94,1.72,1.96,1.42,1.14,0.94,0.6,0.43,0.15,0.15,0.1,0.05,0.16,0.19,0.11,0.16,0.12,0.09,0.06,0.08,0.06,0.04,0.05,0.05,0.0,0.01,0.01,0.04,0.02,0.04,0.01,0.02,0.0,0.01,0.01,0.01,0.0,0.0,0.03,0.03,0.01,0.0,0.01,0.04,0.01,0.0,0.0,0.01,0.01,0.01,0.0,0.01,0.01,0.02,0.02,0.0,0.02,0.01,0.06,0.0,0.0,0.02,0.03,0.08,0.01,0.02,0.02,0.02,0.07,0.04,0.02,0.0,0.0,0.0,0.0,0.0,0.0,0.01,0.0,0.0,0.0,0.0,0.0,0.0,0.0,0.0,0.0,0.0,0.0,0.0,0.0,0.0,0.0,0.0,0.0,0.0,0.0,0.0,0.0,0.0,0.0,0.0,0.0,0.0,0.0,0.0,0.0,0.0,0.0,0.0,0.0,0.0,0.0,0.0,0.0,0.0,0.0,0.0,0.0,0.0,0.0,0.0,0.0,0.0,0.0,0.0,0.0,0.0,0.0,0.0,0.0,0.0,0.0,0.0,0.0,0.0,0.0,0.0,0.0,0.0,0.0,0.0,0.0,0.0,0.0,0.0,0.0,0.0,0.0,0.0,0.0,0.0,0.0,0.0,0.0,0.0,0.0,0.0,0.0,0.0,0.0,0.0,0.0,0.0,0.0,0.0,0.0,0.0,0.0,0.0,0.0,0.0,0.0,0.0,0.0,0.0,0.0,0.0,0.0,0.0,0.0,0.0,0.0,0.0,0.0,0.0,0.0,0.0,0.0,0.0,0.0,0.0,0.0,0.0,0.0,0.0,0.0,0.0,0.0,0.0,0.0,0.0,0.0,0.0,0.0,0.0,0.0,0.0,0.0,16794.31,20296.21,28.56195884948595,2020.0,2020-10-05,Long rains
Kenya,Iburasirazuba,Gatsibo,70.0,67.51554309788368,114469.52,49.73,28.85,28.4,30.28,33.12,34.14,34.85,39.14,40.29,42.82,44.92,46.56,47.62,49.3,51.56,52.57,53.22,54.63,58.04,58.13,60.3,61.84,64.58,67.36,70.51,73.96,81.62,84.54,90.33,99.07,107.24,117.38,121.65,113.57,112.13,121.15,128.34,134.85,142.47,146.57,144.51,148.64,156.12,160.38,165.08,179.79,187.25,203.02,217.91,234.66,244.53,261.1,275.53,274.09,257.34,251.95,253.35,253.35,247.51,233.99,225.85,219.1,219.24,205.29,206.76,215.98,224.37,248.29,256.63,286.56,301.23,319.97,318.73,309.91,296.19,288.98,320.36,282.76,266.21,242.01,211.9,203.35,212.61,193.82,160.53,128.99,124.51,3330.55,104.0,91.23,83.08,78.55,90.06,67.17,64.26,68.49,66.5,68.36,63.69,66.17,63.05,60.77,61.61,51.99,46.9,40.49,39.02,43.85,35.53,32.3,28.52,29.64,29.46,26.99,26.03,24.69,27.2,32.85,29.15,24.55,19.56,22.05,21.53,16.27,17.59,20.23,25.45,26.05,21.15,20.62,24.99,44.89,30.35,23.12,22.28,26.77,51.65,48.89,30.4,22.64,21.79,40.43,31.65,17.71,9.47,3.88,14.21,5.72,2.9,2.16,1.05,3.75,1.69,0.39,0.6,0.38,0.77,0.34,0.15,0.1,0.15,0.22,0.16,0.11,0.05,0.0,0.03,0.05,0.03,0.03,0.04,0.0,0.01,0.03,0.02,0.01,0.03,0.0,0.03,0.03,0.05,0.01,0.02,0.01,0.01,0.02,0.01,0.02,0.01,0.02,0.0,0.0,0.0,0.0,0.01,0.0,0.01,0.0,0.0,0.01,0.0,0.01,0.0,0.01,0.0,0.0,0.01,0.01,0.0,0.0,0.0,0.0,0.01,0.0,0.0,0.0,0.01,0.01,0.0,0.0,0.0,0.01,0.0,0.0,0.0,0.0,0.0,0.0,0.0,0.0,0.01,0.0,0.0,0.0,0.0,0.0,0.0,0.0,0.0,0.0,0.0,0.0,0.0,0.0,0.0,0.0,0.0,0.0,0.0,0.0,0.0,0.0,0.0,0.0,0.0,0.0,0.0,0.0,0.0,0.0,0.0,0.0,0.0,0.0,0.0,0.0,0.0,0.0,0.0,0.0,0.0,0.0,0.0,0.0,0.0,0.0,0.0,0.0,0.0,0.0,0.0,0.0,0.0,0.0,0.0,0.0,0.0,0.0,0.0,0.0,0.0,0.0,0.0,0.0,0.0,0.0,0.0,0.0,0.0,0.0,0.0,0.0,0.0,0.0,0.0,0.0,0.0,0.0,0.0,0.0,0.0,0.0,0.0,0.0,0.0,0.0,0.0,0.0,0.0,0.0,0.0,0.0,0.0,0.0,0.0,0.0,0.0,0.0,0.0,0.0,0.0,0.0,0.0,0.0,0.0,0.0,0.0,0.0,0.0,0.0,0.0,0.0,0.0,0.0,0.0,0.0,0.0,0.0,0.0,0.0,0.0,0.0,0.0,0.0,0.0,0.0,0.0,0.0,0.0,0.0,0.0,0.0,0.0,0.0,0.0,0.0,17671.78,19607.63,26.536457412432924,2020.0,2020-10-05,Long rains
Kenya,Amajyepfo,Kamonyi,72.0,67.51949099584725,18609.97,82.53,42.92,43.31,44.88,46.59,47.93,50.08,51.24,52.94,54.96,56.38,57.29,63.07,63.63,67.11,71.3,76.09,79.7,88.44,97.83,107.79,127.52,147.09,184.65,232.5,322.7,369.85,116.84,80.42,71.39,73.05,82.89,81.77,91.21,83.92,83.18,96.53,82.83,81.64,82.1,87.82,92.34,95.3,97.82,103.76,110.57,122.57,138.39,147.3,162.97,184.85,207.05,226.04,239.39,247.39,248.51,249.81,256.31,250.93,239.33,223.62,216.75,215.46,181.98,171.89,164.23,162.62,174.23,179.87,210.1,220.29,237.07,247.69,256.96,255.29,235.41,499.61,235.38,297.45,288.14,270.16,260.25,231.44,228.11,157.28,99.24,98.67,4061.29,82.47,87.44,69.67,63.03,68.86,51.41,52.35,55.12,47.62,51.84,52.64,56.75,56.0,54.03,60.47,55.69,50.99,46.17,46.13,56.05,42.25,38.47,31.46,29.14,30.65,23.57,23.47,19.21,21.31,20.92,16.09,14.46,13.22,15.0,13.59,10.16,10.44,11.24,13.13,14.53,15.4,19.73,24.77,37.08,53.07,34.95,35.75,37.42,52.5,68.66,57.0,43.86,34.44,66.07,40.4,29.27,20.34,13.27,35.31,17.87,10.2,6.74,4.73,6.04,4.26,3.6,3.64,5.13,3.94,3.51,2.95,2.54,2.23,2.77,2.17,1.94,1.85,1.72,1.65,1.42,1.71,1.33,1.46,1.51,1.28,1.39,1.43,1.35,1.27,1.12,1.34,1.17,0.98,1.28,1.21,1.21,1.09,1.0,1.13,1.0,0.99,1.03,1.18,1.06,1.1,0.98,0.84,0.99,1.04,0.91,0.69,0.6,0.58,0.61,0.56,0.42,0.39,0.55,0.41,0.3,0.46,0.36,0.35,0.32,0.34,0.26,0.23,0.18,0.23,0.24,0.15,0.12,0.23,0.13,0.1,0.12,0.08,0.09,0.15,0.08,0.03,0.03,0.02,0.01,0.03,0.02,0.01,0.01,0.01,0.0,0.0,0.0,0.0,0.0,0.0,0.0,0.0,0.0,0.0,0.0,0.0,0.0,0.0,0.0,0.0,0.0,0.0,0.0,0.0,0.0,0.0,0.0,0.0,0.0,0.0,0.0,0.0,0.0,0.0,0.0,0.0,0.0,0.0,0.0,0.0,0.0,0.0,0.0,0.0,0.0,0.0,0.0,0.0,0.0,0.0,0.0,0.0,0.0,0.0,0.0,0.0,0.0,0.0,0.0,0.0,0.0,0.0,0.0,0.0,0.0,0.0,0.0,0.0,0.0,0.0,0.0,0.0,0.0,0.0,0.0,0.0,0.0,0.0,0.0,0.0,0.0,0.0,0.0,0.0,0.0,0.0,0.0,0.0,0.0,0.0,0.0,0.0,0.0,0.0,0.0,0.0,0.0,0.0,0.0,0.0,0.0,0.0,0.0,0.0,0.0,0.0,0.0,0.0,0.0,0.0,0.03,0.0,0.0,0.0,0.0,0.0,0.01,0.0,0.0,0.0,0.0,0.0,0.0,0.0,0.0,0.0,0.0,0.0,0.0,0.0,0.0,0.0,0.0,16763.27,17403.7,30.197957953360362,2020.0,2020-10-05,Long rains
Kenya,Amajyepfo,Ruhango,71.0,67.73259276490982,13766.03,72.73,38.58,39.78,40.03,42.37,43.77,44.38,46.51,48.77,50.92,52.78,54.7,57.22,60.08,61.64,65.45,70.22,73.84,78.41,84.93,90.82,101.2,111.18,117.05,124.9,132.91,142.0,140.46,138.56,137.66,141.24,153.36,151.94,156.78,156.58,156.37,156.78,155.17,154.28,159.77,160.14,163.62,171.34,178.38,184.69,190.83,206.76,219.01,231.47,246.31,263.94,279.02,304.45,322.65,342.57,376.17,412.74,438.09,445.74,426.35,395.93,386.63,387.63,367.5,363.74,378.44,400.9,430.35,453.26,514.47,568.13,627.12,665.72,646.34,604.02,561.75,672.02,532.71,528.64,506.25,499.02,487.43,499.13,457.34,363.13,262.57,228.71,2943.96,167.49,145.6,146.86,115.01,120.1,100.65,99.86,96.46,91.38,94.26,86.77,80.62,75.26,73.51,80.66,71.55,68.31,64.33,64.38,73.18,59.41,52.43,48.83,47.59,48.93,42.77,41.64,39.24,41.82,46.41,38.21,31.33,26.79,28.78,26.46,22.01,20.99,19.83,21.74,19.91,17.23,17.7,16.38,19.02,20.12,19.72,22.5,24.84,31.93,33.77,27.35,24.05,21.53,34.67,32.01,24.18,22.48,19.33,27.71,23.38,20.36,18.72,13.13,15.7,11.44,5.73,4.24,3.37,5.11,3.85,2.58,2.27,1.95,1.79,1.73,1.59,1.1,0.84,0.83,0.65,0.84,0.73,0.66,0.52,0.53,0.58,0.51,0.47,0.36,0.46,0.32,0.38,0.3,0.33,0.38,0.33,0.31,0.35,0.43,0.36,0.24,0.38,0.29,0.3,0.29,0.28,0.29,0.28,0.29,0.23,0.27,0.17,0.16,0.26,0.15,0.26,0.17,0.21,0.17,0.19,0.15,0.19,0.15,0.12,0.13,0.09,0.08,0.19,0.17,0.09,0.07,0.08,0.05,0.06,0.08,0.03,0.07,0.05,0.01,0.01,0.02,0.0,0.0,0.0,0.0,0.0,0.01,0.0,0.0,0.0,0.0,0.0,0.0,0.0,0.0,0.0,0.0,0.0,0.0,0.0,0.0,0.0,0.0,0.0,0.0,0.0,0.0,0.0,0.0,0.0,0.0,0.0,0.0,0.0,0.0,0.0,0.0,0.0,0.0,0.0,0.0,0.0,0.0,0.0,0.0,0.0,0.0,0.0,0.0,0.0,0.0,0.0,0.0,0.0,0.0,0.0,0.0,0.0,0.0,0.0,0.0,0.0,0.0,0.0,0.0,0.0,0.0,0.0,0.0,0.0,0.0,0.0,0.0,0.0,0.0,0.0,0.0,0.0,0.0,0.0,0.0,0.0,0.0,0.0,0.0,0.0,0.0,0.0,0.0,0.0,0.0,0.0,0.0,0.0,0.0,0.0,0.0,0.0,0.0,0.0,0.0,0.0,0.0,0.0,0.0,0.0,0.0,0.0,0.0,0.0,0.01,0.0,0.0,0.0,0.0,0.01,0.0,0.0,0.0,0.0,0.0,0.0,0.0,0.0,0.0,0.0,0.0,0.0,0.0,0.0,0.0,0.0,0.0,0.0,0.0,0.0,0.0,0.0,25944.08,15668.62,25.278626765595114,2020.0,2020-10-05,Long rains
Kenya,Iburengerazuba,Nyabihu,87.0,99.69712932526942,25359.99,22.62,12.02,11.65,12.89,13.37,13.23,12.76,14.33,13.72,16.04,16.91,16.0,16.85,17.41,18.16,18.66,19.4,19.51,20.57,21.84,22.46,22.68,24.4,23.46,26.11,28.36,28.59,29.59,29.93,32.24,34.24,35.74,37.24,37.78,43.15,42.79,46.04,38.84,40.78,44.36,37.45,33.54,28.7,26.01,24.64,25.39,27.53,25.95,25.64,27.75,30.63,32.92,26.55,24.95,24.3,25.75,28.28,37.55,31.55,26.85,27.07,28.22,32.53,27.99,27.8,31.1,34.86,33.0,34.48,38.01,43.39,57.14,63.39,64.51,61.61,188.94,1079.02,78.5,118.6,97.76,61.59,68.75,80.84,96.01,66.29,43.92,42.58,2710.14,49.21,47.88,52.9,52.34,55.58,57.17,54.59,43.71,40.81,36.79,37.53,37.91,37.05,37.22,39.56,41.99,41.67,38.62,37.63,37.13,33.49,31.41,29.26,29.1,30.33,29.69,29.22,27.51,27.78,27.97,29.08,29.72,28.17,29.86,31.02,33.12,36.2,36.98,41.52,53.92,67.81,66.67,69.59,77.81,84.89,114.81,143.05,208.48,690.56,199.92,143.57,136.61,206.25,820.39,187.26,395.88,214.21,164.2,166.18,142.56,52.34,32.83,32.65,38.77,33.22,14.67,10.09,12.36,9.6,9.42,8.27,7.84,6.83,6.8,6.1,4.63,4.39,3.59,3.16,3.27,2.72,2.52,2.14,2.21,2.15,1.7,1.55,1.53,1.64,1.51,1.39,1.62,1.23,1.47,1.55,1.29,1.32,1.18,1.14,1.85,1.41,1.25,1.35,1.38,1.45,1.84,1.79,2.27,2.3,2.41,2.33,2.69,3.79,2.75,3.04,1.66,1.27,0.88,1.58,1.63,1.41,0.64,0.51,0.85,0.54,0.36,0.4,0.48,0.36,0.36,0.49,0.28,0.25,0.32,0.18,0.18,0.26,0.11,0.06,0.11,0.03,0.01,0.01,0.0,0.0,0.0,0.0,0.0,0.01,0.02,0.0,0.0,0.0,0.0,0.02,0.0,0.0,0.0,0.0,0.0,0.0,0.0,0.0,0.0,0.0,0.0,0.0,0.0,0.0,0.0,0.0,0.0,0.0,0.0,0.0,0.0,0.0,0.0,0.0,0.0,0.0,0.0,0.0,0.0,0.0,0.0,0.0,0.0,0.0,0.0,0.0,0.0,0.0,0.0,0.0,0.0,0.0,0.0,0.0,0.0,0.0,0.0,0.0,0.0,0.0,0.0,0.0,0.0,0.0,0.0,0.0,0.0,0.0,0.0,0.0,0.0,0.0,0.0,0.0,0.0,0.0,0.0,0.0,0.0,0.0,0.0,0.0,0.0,0.0,0.0,0.0,0.0,0.0,0.0,0.0,0.0,0.0,0.0,0.0,0.0,0.0,0.0,0.0,0.0,0.0,0.0,0.0,0.0,0.0,0.0,0.0,0.0,0.0,0.0,0.0,0.0,0.0,0.0,0.0,0.0,0.0,0.0,0.01,0.0,0.0,0.0,0.0,0.0,0.0,0.0,0.0,0.0,0.0,0.0,0.0,0.0,0.0,0.0,12429.08,12200.57,36.96150674369021,2020.0,2020-10-05,Long rains
Kenya,Amajyepfo,Muhanga,84.0,72.75696970745078,14289.2,58.77,31.69,31.64,33.39,35.55,35.62,37.54,38.81,41.86,42.75,45.44,48.41,49.35,55.32,58.69,61.1,64.89,71.33,76.0,83.5,92.9,103.81,116.74,136.5,164.87,216.89,292.48,291.31,215.76,158.91,123.8,111.16,97.49,80.3,68.19,58.88,64.39,59.48,46.38,52.42,49.86,51.11,48.57,48.93,49.66,50.5,53.65,56.6,56.65,56.13,60.58,69.93,70.31,65.69,65.91,65.61,69.28,74.15,98.66,98.22,75.31,70.87,72.83,62.78,70.15,81.4,78.78,68.1,65.16,71.22,72.13,77.38,88.45,108.57,110.83,155.5,675.69,109.87,144.64,145.0,162.79,195.67,244.97,257.24,188.92,119.24,120.98,4979.82,170.86,162.37,132.56,112.53,92.26,47.65,46.39,41.8,37.44,38.64,38.21,34.41,27.98,27.3,32.54,27.87,27.06,24.65,22.46,25.41,20.77,19.55,17.25,18.04,19.72,19.33,19.41,18.33,18.13,18.46,14.07,11.96,10.93,10.03,10.06,9.31,9.84,9.58,10.2,10.88,11.69,14.86,18.08,22.42,29.47,36.71,55.01,64.81,132.36,69.76,49.09,50.78,56.18,137.85,85.46,51.75,38.02,33.66,59.75,45.91,19.95,13.26,7.69,14.94,31.49,15.83,11.01,14.14,5.17,2.53,1.76,1.62,1.5,1.27,1.1,1.07,0.88,0.98,1.2,1.2,0.52,0.53,0.3,0.43,0.43,0.41,0.3,0.43,0.32,0.43,0.31,0.29,0.35,0.32,0.31,0.37,0.32,0.33,0.33,0.55,0.53,0.35,0.52,0.67,0.43,0.49,0.6,0.4,0.55,0.67,0.43,0.46,0.3,0.39,1.47,0.32,0.32,0.32,0.39,0.65,1.28,1.03,0.54,0.65,0.59,0.36,0.22,0.09,0.15,0.11,0.09,0.05,0.08,0.1,0.07,0.09,0.1,0.07,0.01,0.07,0.03,0.01,0.05,0.0,0.01,0.0,0.02,0.0,0.01,0.0,0.0,0.0,0.0,0.0,0.0,0.0,0.0,0.0,0.0,0.0,0.0,0.0,0.0,0.0,0.0,0.01,0.0,0.0,0.0,0.0,0.0,0.0,0.0,0.0,0.0,0.0,0.0,0.0,0.0,0.0,0.0,0.0,0.0,0.0,0.0,0.0,0.0,0.0,0.0,0.0,0.0,0.0,0.0,0.0,0.0,0.0,0.0,0.0,0.0,0.0,0.0,0.0,0.0,0.0,0.0,0.0,0.0,0.0,0.0,0.0,0.0,0.0,0.0,0.0,0.0,0.0,0.0,0.0,0.0,0.0,0.0,0.0,0.0,0.0,0.0,0.0,0.0,0.0,0.0,0.0,0.0,0.0,0.0,0.0,0.0,0.0,0.0,0.0,0.0,0.0,0.0,0.0,0.0,0.0,0.0,0.0,0.0,0.0,0.0,0.0,0.0,0.0,0.0,0.0,0.0,0.0,0.0,0.0,0.0,0.0,0.0,0.0,0.0,0.0,0.0,0.0,0.0,0.0,0.0,0.0,0.0,0.0,0.0,0.0,0.0,0.0,0.0,0.0,13257.48,28930.71,33.382224315561835,2020.0,2020-10-05,Long rains
Kenya,Iburengerazuba,Rubavu,50.0,60.772325187510866,18379.13,44.91,23.34,23.08,24.37,24.75,25.76,26.86,28.28,29.34,30.16,32.93,33.21,36.37,39.31,39.48,42.07,45.97,49.74,53.62,56.08,61.14,65.99,72.35,79.06,86.71,94.67,108.38,126.17,147.35,163.02,192.83,212.92,190.71,179.44,200.72,212.23,210.62,295.23,398.35,210.6,175.03,182.49,195.2,182.43,172.91,181.97,165.28,139.3,117.25,102.25,93.26,81.78,71.18,68.22,58.34,56.73,93.57,198.89,510.17,152.99,69.09,129.82,225.12,116.94,64.0,76.05,117.33,33.92,30.36,32.42,34.9,38.16,40.59,38.78,39.89,53.48,203.34,76.09,88.09,48.26,38.51,45.72,43.96,30.0,26.25,22.54,33.15,848.89,41.45,17.5,15.33,17.18,17.49,10.07,8.43,7.09,4.86,3.94,3.58,3.67,3.31,3.34,3.38,3.52,3.31,2.95,3.41,3.21,3.2,2.47,2.53,3.11,2.95,2.8,3.33,3.2,3.73,3.88,4.58,5.19,5.72,7.41,8.25,9.82,12.12,15.61,18.89,24.46,32.14,34.23,32.24,35.0,29.29,30.36,31.29,33.96,62.69,115.41,62.92,39.62,38.61,49.31,90.16,94.02,66.04,35.64,39.33,197.71,89.05,36.43,44.1,12.39,2.19,0.37,0.72,0.91,0.53,0.47,0.35,0.32,0.44,1.07,0.22,0.11,0.13,0.13,0.1,0.16,0.1,0.14,0.11,0.25,0.25,0.19,0.24,0.19,0.21,0.23,0.3,0.29,0.28,0.28,0.34,0.32,0.26,0.15,0.21,0.72,0.21,0.19,0.24,0.26,0.28,0.27,0.27,0.36,0.35,0.66,0.58,0.46,0.52,0.54,1.25,0.47,0.35,0.4,0.39,1.6,0.99,1.33,0.74,0.24,0.14,0.03,0.03,0.05,0.06,0.05,0.02,0.03,0.06,0.02,0.0,0.01,0.01,0.0,0.0,0.0,0.03,0.01,0.0,0.0,0.0,0.01,0.0,0.0,0.0,0.0,0.0,0.0,0.0,0.0,0.0,0.0,0.0,0.0,0.0,0.0,0.0,0.0,0.0,0.0,0.0,0.0,0.0,0.0,0.0,0.0,0.0,0.0,0.0,0.0,0.0,0.0,0.0,0.0,0.0,0.0,0.0,0.0,0.0,0.0,0.0,0.0,0.0,0.0,0.0,0.0,0.0,0.0,0.0,0.0,0.0,0.0,0.0,0.0,0.0,0.0,0.0,0.0,0.0,0.0,0.0,0.0,0.0,0.0,0.0,0.0,0.0,0.0,0.0,0.0,0.0,0.0,0.0,0.0,0.0,0.0,0.0,0.0,0.0,0.0,0.0,0.0,0.0,0.0,0.0,0.0,0.0,0.0,0.0,0.0,0.0,0.0,0.0,0.0,0.0,0.0,0.0,0.0,0.0,0.0,0.0,0.0,0.0,0.0,0.0,0.0,0.0,0.0,0.0,0.0,0.0,0.0,0.0,0.0,0.0,0.0,0.0,0.0,0.0,0.0,0.0,0.0,0.0,0.0,0.0,0.0,0.0,0.0,0.0,0.0,0.0,0.0,0.0,0.0,9419.86,6109.93,37.23477650219064,2020.0,2020-10-05,Long rains
Kenya,Iburasirazuba,Bugesera,85.0,80.2068110914835,68157.71,35.81,19.01,20.87,21.73,22.94,23.3,25.46,25.84,27.17,28.02,30.41,32.08,33.5,35.04,37.59,36.92,39.72,43.58,45.5,48.04,50.87,53.83,58.18,60.49,66.12,69.46,74.92,80.46,83.97,88.77,95.12,101.34,100.25,102.4,106.48,108.31,122.81,114.1,113.94,120.26,126.41,131.33,137.28,133.41,135.43,138.42,141.99,147.91,146.79,149.28,156.3,165.55,177.44,172.91,174.58,176.88,191.26,204.96,204.02,202.73,199.2,203.12,212.68,198.07,204.89,212.3,230.76,260.97,268.57,304.03,354.85,413.58,478.42,516.96,497.56,474.55,629.05,457.18,531.7,455.17,435.83,472.15,558.85,508.74,347.57,228.55,215.13,8450.9,200.51,193.79,183.11,159.31,170.84,135.29,136.33,138.7,132.72,140.79,127.91,120.34,116.75,114.79,115.98,107.56,107.02,103.95,109.65,122.21,110.77,93.03,78.43,75.63,80.28,76.87,75.16,69.72,76.27,89.93,87.37,82.67,80.72,118.2,106.15,80.06,69.53,60.45,79.03,89.18,78.79,85.01,96.13,128.92,146.76,135.2,140.42,140.27,167.32,167.59,131.61,81.93,55.71,75.77,55.48,26.76,20.96,15.17,27.49,20.15,10.29,8.78,8.17,9.21,8.53,6.35,7.21,7.03,6.81,6.64,6.21,5.61,5.51,5.31,4.51,4.0,3.58,3.81,3.64,3.65,3.42,3.5,3.62,3.46,3.22,3.02,3.05,2.92,3.01,2.87,2.45,2.49,2.35,2.32,2.38,2.06,2.1,2.02,1.83,1.66,1.66,1.7,1.55,1.62,1.66,1.6,1.7,1.42,1.41,1.48,1.12,1.36,1.34,0.98,1.21,1.13,1.19,0.95,1.04,1.05,0.98,0.87,0.82,0.93,0.72,0.76,0.63,0.67,0.51,0.55,0.53,0.4,0.38,0.3,0.15,0.17,0.12,0.11,0.08,0.09,0.02,0.08,0.02,0.01,0.06,0.0,0.0,0.01,0.0,0.0,0.0,0.0,0.0,0.0,0.0,0.0,0.0,0.0,0.0,0.0,0.0,0.0,0.0,0.0,0.0,0.0,0.0,0.0,0.0,0.0,0.0,0.0,0.0,0.0,0.0,0.0,0.0,0.0,0.0,0.0,0.0,0.0,0.0,0.0,0.0,0.0,0.0,0.0,0.0,0.0,0.0,0.0,0.0,0.0,0.0,0.0,0.0,0.0,0.0,0.0,0.0,0.0,0.0,0.0,0.0,0.0,0.0,0.0,0.0,0.0,0.0,0.0,0.0,0.0,0.0,0.0,0.0,0.0,0.0,0.0,0.0,0.0,0.0,0.0,0.0,0.0,0.0,0.0,0.0,0.0,0.0,0.0,0.0,0.0,0.0,0.0,0.0,0.0,0.0,0.0,0.01,0.0,0.0,0.0,0.0,0.0,0.0,0.0,0.0,0.0,0.0,0.02,0.0,0.0,0.01,0.01,0.0,0.0,0.0,0.0,0.0,0.0,0.0,0.0,0.0,0.0,0.0,0.0,0.0,0.0,0.0,0.0,0.0,0.0,0.0,0.0,0.0,0.0,28911.53,24073.94,26.907488606119838,2020.0,2020-10-05,Long rains
Kenya,Iburengerazuba,Nyamasheke,76.0,74.97663638469376,70351.5,45.01,23.77,23.44,23.46,24.63,25.02,26.62,26.83,28.66,28.75,29.7,29.48,30.79,32.26,32.1,33.37,34.83,35.69,37.83,40.86,45.08,49.71,57.78,66.23,81.49,99.83,150.17,105.56,83.58,68.49,58.94,63.0,68.22,62.89,72.03,51.95,48.32,49.34,44.44,45.56,48.28,49.99,52.76,55.62,57.51,61.51,66.93,70.52,75.62,78.8,83.66,88.74,93.36,94.85,99.14,106.41,119.93,127.1,143.24,165.13,184.08,211.64,237.28,255.61,260.27,261.32,271.32,286.24,278.42,260.33,257.6,279.95,326.68,352.25,282.54,244.91,870.39,251.21,331.82,249.6,225.38,217.33,227.93,256.98,151.72,77.49,77.86,4433.09,67.73,61.04,61.97,55.82,59.2,44.73,42.4,44.01,34.12,34.4,32.28,29.66,27.79,26.5,28.58,24.97,25.33,24.67,23.17,25.41,21.74,21.43,19.29,18.73,19.79,17.97,17.93,16.97,16.57,16.21,15.73,15.08,14.66,14.15,14.56,13.46,14.25,14.27,15.09,16.06,16.57,17.98,18.7,22.32,25.74,30.44,39.75,56.1,141.41,132.95,69.25,57.13,50.73,102.73,83.2,61.39,43.05,27.36,58.72,41.63,30.32,12.99,8.81,8.27,7.84,4.0,3.87,3.03,3.12,3.72,3.01,2.95,2.17,2.53,1.97,0.97,0.75,0.57,0.72,0.49,0.31,0.34,0.29,0.24,0.29,0.16,0.13,0.13,0.12,0.17,0.17,0.11,0.13,0.15,0.13,0.06,0.12,0.1,0.04,0.08,0.02,0.02,0.0,0.04,0.04,0.02,0.02,0.04,0.01,0.03,0.0,0.04,0.05,0.11,0.19,0.03,0.05,0.04,0.03,0.03,0.02,0.01,0.02,0.02,0.0,0.0,0.01,0.01,0.03,0.01,0.02,0.0,0.0,0.02,0.04,0.0,0.01,0.0,0.01,0.01,0.0,0.0,0.0,0.0,0.01,0.01,0.0,0.0,0.0,0.0,0.0,0.0,0.0,0.0,0.01,0.0,0.0,0.0,0.0,0.0,0.0,0.0,0.0,0.0,0.0,0.0,0.0,0.0,0.0,0.0,0.0,0.0,0.0,0.0,0.0,0.0,0.0,0.0,0.0,0.0,0.0,0.0,0.0,0.0,0.0,0.0,0.0,0.0,0.0,0.0,0.0,0.0,0.0,0.0,0.0,0.0,0.0,0.0,0.0,0.0,0.0,0.0,0.0,0.0,0.0,0.0,0.0,0.0,0.0,0.0,0.0,0.0,0.0,0.0,0.0,0.0,0.0,0.0,0.0,0.0,0.0,0.0,0.0,0.0,0.0,0.0,0.0,0.0,0.0,0.0,0.0,0.0,0.0,0.0,0.0,0.0,0.0,0.0,0.0,0.0,0.0,0.0,0.0,0.0,0.0,0.0,0.0,0.0,0.0,0.0,0.0,0.0,0.0,0.0,0.0,0.0,0.0,0.0,0.0,0.0,0.0,0.0,0.0,0.0,0.0,0.0,0.0,0.0,0.0,0.0,0.0,0.0,0.0,0.0,0.0,0.0,0.0,0.0,16175.99,24784.1,27.825027795663253,2020.0,2020-10-05,Long rains
Kenya,Amajyaruguru,Burera,79.0,76.52075810162617,21265.95,74.37,37.32,38.28,39.1,39.84,42.6,43.77,44.17,44.43,48.13,49.14,50.19,53.4,55.04,58.46,58.51,62.47,66.37,70.36,73.82,80.23,90.84,108.75,142.16,210.08,367.29,516.22,165.44,109.41,119.15,165.27,240.59,112.92,813.51,336.4,213.13,123.88,75.4,69.9,72.19,72.54,74.51,75.61,75.15,77.36,79.53,85.22,82.24,80.7,84.38,84.88,86.79,83.03,83.45,86.95,94.32,102.32,125.02,187.97,148.51,129.29,124.97,106.13,95.42,93.24,96.17,107.37,133.67,196.79,263.61,311.03,323.88,258.85,222.96,190.39,242.21,441.29,182.73,227.85,235.99,224.26,222.48,160.71,160.99,115.18,88.72,85.24,4410.63,121.3,96.88,72.96,70.03,67.15,46.53,44.04,42.46,35.04,37.26,36.82,38.19,35.5,36.91,41.77,40.95,41.64,38.59,38.04,41.61,37.34,36.73,35.47,35.79,36.73,34.22,34.18,34.4,35.49,41.2,35.33,31.95,31.62,33.09,33.08,32.32,32.87,34.16,36.59,38.56,39.24,40.77,45.12,50.98,58.03,64.26,74.76,89.4,141.18,123.07,121.51,115.34,112.15,515.27,263.11,766.31,173.48,144.02,172.9,107.72,101.15,36.33,26.09,57.42,66.67,18.0,6.65,4.6,4.6,3.74,1.41,1.55,1.39,2.71,0.99,0.38,0.24,0.35,0.24,0.35,0.2,0.29,0.32,0.39,0.44,0.84,1.15,2.02,2.03,0.49,0.21,0.28,0.58,0.74,1.4,0.49,0.06,0.06,0.4,0.02,0.03,0.02,0.03,0.02,0.03,0.02,0.08,0.08,0.05,0.07,0.03,0.01,0.0,0.02,0.02,0.01,0.01,0.01,0.02,0.0,0.0,0.0,0.01,0.03,0.01,0.0,0.0,0.01,0.0,0.03,0.01,0.0,0.02,0.01,0.0,0.01,0.01,0.03,0.06,0.0,0.0,0.01,0.0,0.0,0.0,0.0,0.0,0.0,0.0,0.0,0.0,0.0,0.0,0.0,0.0,0.0,0.0,0.0,0.0,0.0,0.0,0.0,0.0,0.0,0.0,0.0,0.0,0.0,0.0,0.0,0.0,0.0,0.0,0.0,0.0,0.0,0.0,0.0,0.0,0.0,0.0,0.0,0.0,0.0,0.0,0.0,0.0,0.0,0.0,0.0,0.0,0.0,0.0,0.0,0.0,0.0,0.0,0.0,0.0,0.0,0.0,0.0,0.0,0.0,0.0,0.0,0.0,0.0,0.0,0.0,0.0,0.0,0.0,0.0,0.0,0.0,0.0,0.0,0.0,0.0,0.0,0.0,0.0,0.0,0.0,0.0,0.0,0.0,0.0,0.0,0.0,0.0,0.0,0.0,0.0,0.0,0.0,0.0,0.0,0.0,0.0,0.0,0.0,0.0,0.0,0.0,0.0,0.0,0.0,0.0,0.0,0.0,0.0,0.0,0.0,0.0,0.0,0.0,0.0,0.0,0.0,0.0,0.0,0.0,0.0,0.0,0.0,0.0,0.0,0.0,0.0,0.0,0.0,0.0,0.0,0.0,0.0,0.0,18670.59,17173.46,38.736559520633456,2020.0,2020-10-05,Long rains
Kenya,Amajyepfo,Nyanza,73.0,70.40405704100647,16813.05,46.82,26.43,25.2,27.58,28.4,29.7,30.98,33.38,34.99,35.37,37.48,38.45,40.23,42.06,44.78,48.45,50.24,55.3,56.01,60.84,63.78,68.51,74.94,80.41,94.85,113.23,166.34,141.06,111.97,114.01,120.63,122.83,131.72,139.36,136.81,143.45,158.77,174.02,144.67,128.05,116.18,137.95,133.72,116.88,127.55,123.02,133.02,137.85,143.72,151.84,154.12,161.88,168.08,174.72,180.2,190.36,201.34,216.97,243.99,236.44,248.88,281.28,303.34,300.56,308.43,339.64,379.95,430.44,480.11,551.78,635.91,758.97,911.69,1054.56,1031.32,849.08,834.72,682.28,528.81,444.94,359.79,339.57,419.93,265.37,195.95,134.85,124.03,3659.86,100.27,94.28,92.95,84.54,87.57,76.09,74.33,72.89,64.46,68.12,59.21,57.63,50.45,48.36,51.7,45.42,42.02,38.5,38.01,40.81,35.2,31.9,28.37,24.97,25.79,22.83,21.09,19.05,18.55,18.54,15.37,14.37,13.62,14.5,13.43,11.47,11.93,11.22,13.03,13.04,13.27,14.41,15.84,21.42,26.78,31.52,35.94,41.47,67.87,75.61,78.86,83.76,64.95,100.11,82.25,28.43,20.25,14.16,37.11,25.07,13.31,8.24,5.66,7.57,4.43,1.87,2.15,1.52,2.61,2.03,1.63,1.54,1.08,1.1,0.73,0.48,0.33,0.34,0.3,0.41,0.31,0.36,0.25,0.15,0.23,0.22,0.31,0.22,0.19,0.2,0.13,0.11,0.17,0.13,0.11,0.11,0.13,0.15,0.09,0.16,0.2,0.1,0.1,0.1,0.1,0.11,0.04,0.12,0.07,0.11,0.09,0.03,0.06,0.13,0.09,0.09,0.03,0.01,0.05,0.03,0.05,0.02,0.05,0.04,0.07,0.09,0.1,0.11,0.13,0.06,0.08,0.05,0.12,0.06,0.07,0.03,0.05,0.06,0.02,0.05,0.04,0.03,0.02,0.04,0.02,0.0,0.01,0.0,0.0,0.01,0.0,0.0,0.0,0.0,0.0,0.0,0.0,0.0,0.0,0.0,0.0,0.0,0.0,0.0,0.0,0.0,0.0,0.0,0.0,0.0,0.0,0.0,0.0,0.0,0.0,0.0,0.0,0.0,0.0,0.0,0.0,0.0,0.0,0.0,0.0,0.0,0.0,0.0,0.0,0.0,0.0,0.0,0.0,0.0,0.0,0.0,0.0,0.0,0.0,0.0,0.0,0.0,0.0,0.0,0.0,0.0,0.0,0.0,0.0,0.0,0.0,0.0,0.0,0.0,0.0,0.0,0.0,0.0,0.0,0.0,0.0,0.0,0.0,0.0,0.0,0.0,0.0,0.0,0.0,0.0,0.0,0.0,0.0,0.0,0.0,0.0,0.0,0.0,0.0,0.0,0.0,0.0,0.0,0.0,0.0,0.0,0.0,0.0,0.0,0.0,0.0,0.0,0.0,0.0,0.0,0.0,0.0,0.0,0.0,0.0,0.0,0.0,0.0,0.0,0.0,0.0,0.0,0.0,0.0,0.0,0.0,0.0,0.0,0.0,0.0,0.0,0.0,0.0,23991.04,20642.7,24.76488850959045,2020.0,2020-10-05,Long rains
Kenya,Amajyepfo,Nyamagabe,60.0,65.85347908386872,68785.55,126.98,68.63,70.7,71.72,74.44,78.0,80.85,81.56,85.34,90.99,94.16,100.79,104.3,109.45,119.11,127.11,136.6,147.51,163.14,176.09,192.14,209.26,234.98,259.36,279.64,289.85,294.63,287.76,288.75,316.8,396.19,464.14,356.09,269.76,217.75,197.29,201.5,254.82,435.52,370.03,192.28,182.31,166.46,105.0,98.58,96.03,99.21,95.79,88.75,89.71,88.82,88.04,88.99,87.09,91.31,93.32,95.38,100.03,103.37,107.67,112.85,129.15,138.3,133.92,120.34,121.78,129.59,153.15,159.19,182.8,189.46,211.12,225.09,192.14,159.6,151.22,306.1,197.59,152.01,137.85,142.19,131.08,118.1,84.57,62.53,49.79,49.48,1980.63,38.18,32.27,31.99,33.35,36.1,27.25,27.05,27.43,24.97,27.21,25.7,25.69,23.62,24.0,27.75,25.37,23.65,19.92,19.97,21.69,19.53,18.98,18.47,18.24,20.02,21.33,20.34,19.72,19.23,20.92,18.08,18.99,17.35,19.16,19.15,19.8,22.5,23.35,26.72,30.02,33.9,39.35,45.42,56.95,73.5,97.69,128.79,181.75,257.19,349.97,378.56,294.92,195.94,197.58,185.17,126.05,70.56,49.17,100.75,73.87,21.96,15.57,17.25,78.18,174.37,43.76,12.82,13.85,6.8,4.56,3.57,3.35,2.8,2.84,2.42,1.51,1.56,1.31,1.29,1.35,1.14,1.12,1.12,1.11,1.17,0.86,1.01,0.97,0.87,0.87,0.86,0.75,0.79,0.68,0.57,0.5,0.72,0.53,0.63,0.51,0.55,0.32,0.53,0.54,0.48,0.45,0.49,0.55,0.47,0.47,0.4,0.32,0.32,0.57,18.5,8.47,4.14,3.84,2.18,0.19,0.17,0.21,0.14,0.08,0.14,0.15,0.09,0.12,0.21,0.18,0.17,0.21,0.2,0.21,0.19,0.14,0.18,0.21,0.23,0.12,0.08,0.05,0.03,0.0,0.0,0.01,0.0,0.02,0.0,0.0,0.0,0.0,0.0,0.0,0.0,0.0,0.0,0.0,0.0,0.0,0.0,0.0,0.0,0.0,0.0,0.0,0.0,0.0,0.0,0.0,0.0,0.0,0.0,0.0,0.0,0.01,0.0,0.0,0.0,0.0,0.0,0.0,0.0,0.0,0.0,0.0,0.0,0.0,0.0,0.0,0.0,0.0,0.0,0.0,0.0,0.0,0.0,0.0,0.0,0.0,0.0,0.0,0.0,0.0,0.0,0.0,0.0,0.0,0.0,0.0,0.0,0.0,0.0,0.0,0.0,0.0,0.0,0.0,0.0,0.0,0.0,0.0,0.0,0.0,0.0,0.0,0.0,0.0,0.0,0.0,0.0,0.0,0.0,0.0,0.0,0.0,0.0,0.0,0.0,0.0,0.0,0.0,0.0,0.0,0.0,0.0,0.0,0.0,0.0,0.0,0.01,0.0,0.0,0.0,0.0,0.0,0.0,0.0,0.0,0.0,0.0,0.0,0.0,0.01,0.0,0.0,0.0,0.0,0.0,0.0,0.0,0.0,0.0,0.0,0.0,0.0,0.0,0.0,15164.31,12249.45,42.796155902420814,2020.0,2020-10-05,Long rains
Kenya,Amajyepfo,Nyaruguru,87.0,92.16435475054294,64143.04,35.28,18.76,19.61,20.24,20.56,21.07,22.03,22.02,23.82,24.5,24.62,24.7,26.76,26.83,26.69,26.91,27.74,29.01,30.01,32.12,33.62,36.95,40.7,43.76,48.03,49.26,55.2,59.11,60.88,52.53,45.01,43.22,39.21,36.61,36.09,34.6,40.34,38.84,36.83,39.65,46.78,43.0,44.27,42.14,45.32,48.13,50.16,52.71,56.5,51.81,47.34,49.04,51.16,49.07,51.13,49.81,53.1,57.88,57.24,55.2,54.32,54.92,58.46,54.32,57.13,57.09,59.64,65.72,65.87,71.27,79.74,88.26,110.54,110.7,101.59,106.38,981.89,114.0,199.88,147.93,140.86,159.28,195.3,225.88,132.03,70.66,70.6,5310.14,63.01,62.2,55.65,47.21,53.04,41.16,41.19,40.83,37.34,42.3,35.65,36.49,35.08,32.77,38.16,36.0,34.36,31.4,30.97,34.11,31.38,32.37,29.67,30.42,32.51,30.12,29.96,28.0,30.67,29.78,29.78,31.74,29.92,30.93,32.99,32.07,34.18,35.14,37.92,41.48,44.47,49.36,50.33,55.6,64.36,74.19,86.69,107.76,130.09,188.79,318.18,486.25,339.26,451.52,354.65,163.02,135.68,126.6,154.5,139.59,102.13,81.53,60.74,57.86,49.65,31.5,24.94,19.77,21.26,19.32,13.31,11.57,9.72,9.65,8.41,5.45,4.97,4.03,4.21,4.11,3.14,3.05,2.85,2.92,3.24,2.52,2.14,1.75,1.87,2.29,1.72,1.39,1.18,1.38,1.63,1.14,1.04,0.78,0.92,1.42,0.82,0.72,0.67,0.52,1.04,0.76,0.64,0.59,0.71,1.0,0.42,0.67,0.61,0.52,0.82,0.66,0.44,0.56,0.54,0.62,0.56,0.61,0.69,0.62,0.83,1.0,1.09,1.1,0.99,0.88,0.9,0.64,0.81,1.46,2.0,0.47,0.17,0.1,0.09,0.03,0.03,0.03,0.04,0.02,0.0,0.0,0.0,0.01,0.0,0.0,0.0,0.0,0.0,0.0,0.0,0.0,0.0,0.0,0.0,0.0,0.0,0.0,0.0,0.0,0.0,0.0,0.0,0.0,0.0,0.0,0.0,0.0,0.0,0.0,0.0,0.0,0.0,0.0,0.0,0.0,0.0,0.0,0.0,0.0,0.0,0.0,0.0,0.0,0.0,0.0,0.0,0.0,0.0,0.0,0.0,0.0,0.0,0.0,0.0,0.0,0.0,0.0,0.0,0.0,0.0,0.0,0.0,0.0,0.0,0.0,0.0,0.0,0.0,0.0,0.0,0.0,0.0,0.0,0.0,0.0,0.0,0.0,0.0,0.0,0.0,0.0,0.0,0.0,0.0,0.0,0.0,0.0,0.0,0.0,0.0,0.0,0.0,0.0,0.0,0.0,0.0,0.0,0.0,0.0,0.0,0.0,0.0,0.0,0.0,0.0,0.0,0.0,0.0,0.0,0.0,0.0,0.0,0.0,0.0,0.0,0.0,0.0,0.0,0.0,0.0,0.0,0.0,0.0,0.0,0.0,0.0,0.0,0.0,0.0,0.0,0.0,0.0,0.0,15860.76,13669.49,35.27936709800852,2020.0,2020-10-05,Long rains
Kenya,Iburengerazuba,Rusizi,77.0,75.2465515190617,58934.13,63.57,33.15,33.45,34.92,36.14,36.55,37.87,39.89,41.25,43.27,44.74,46.3,48.76,49.37,50.75,50.77,52.78,52.07,54.16,53.88,56.87,58.21,59.5,59.61,63.59,74.6,89.16,55.07,44.33,45.19,53.54,54.79,43.1,38.82,35.81,32.55,35.26,51.4,31.36,38.61,34.4,33.65,35.24,35.62,38.31,40.75,46.92,58.44,72.09,83.2,81.85,82.21,88.64,74.46,67.56,65.82,67.28,83.2,67.18,73.06,76.54,83.55,94.55,104.43,119.43,137.53,154.82,180.72,219.94,270.32,341.31,604.92,539.49,446.4,408.21,374.56,716.34,352.2,347.23,280.1,204.1,185.76,228.63,181.53,119.84,71.91,62.32,4462.2,50.83,45.86,48.96,42.63,41.98,36.99,36.81,35.5,33.67,37.1,31.43,33.0,33.68,32.47,39.09,30.8,30.5,28.0,29.51,32.38,26.76,24.54,22.91,22.49,22.21,21.37,20.7,20.18,18.9,20.09,18.67,19.1,18.96,20.53,21.64,23.88,26.76,28.11,31.27,37.91,33.17,31.67,32.13,38.29,43.28,37.69,44.45,49.02,56.31,56.42,50.63,47.35,52.23,79.37,58.44,28.49,20.39,14.42,17.61,19.4,7.32,6.48,5.56,5.68,6.08,5.62,6.14,5.91,6.37,7.43,7.04,7.25,5.06,5.84,4.94,2.59,1.86,1.35,1.4,1.1,0.75,0.72,0.67,0.66,0.48,0.33,0.44,0.3,0.37,0.32,0.33,0.27,0.21,0.21,0.16,0.28,0.18,0.17,0.25,0.14,0.24,0.18,0.14,0.15,0.18,0.17,0.16,0.22,0.29,0.21,0.21,0.2,0.2,0.17,0.14,0.1,0.22,0.19,0.17,0.2,0.21,0.22,0.26,0.2,0.23,0.1,0.06,0.06,0.13,0.1,0.05,0.02,0.01,0.04,0.03,0.02,0.0,0.0,0.02,0.0,0.0,0.0,0.0,0.0,0.0,0.0,0.0,0.0,0.0,0.0,0.0,0.0,0.0,0.0,0.0,0.0,0.0,0.0,0.0,0.0,0.0,0.0,0.0,0.0,0.0,0.0,0.0,0.0,0.0,0.0,0.0,0.0,0.0,0.0,0.0,0.0,0.0,0.0,0.0,0.0,0.0,0.0,0.0,0.0,0.0,0.0,0.0,0.0,0.0,0.0,0.0,0.0,0.0,0.0,0.0,0.0,0.0,0.0,0.0,0.0,0.0,0.0,0.0,0.0,0.0,0.0,0.0,0.0,0.0,0.0,0.0,0.0,0.0,0.0,0.0,0.0,0.0,0.0,0.0,0.0,0.0,0.0,0.0,0.0,0.0,0.0,0.0,0.0,0.0,0.0,0.0,0.0,0.0,0.0,0.0,0.0,0.0,0.0,0.0,0.0,0.0,0.0,0.0,0.0,0.0,0.0,0.0,0.0,0.0,0.0,0.0,0.0,0.0,0.0,0.0,0.0,0.0,0.0,0.0,0.0,0.0,0.0,0.0,0.0,0.0,0.0,0.0,0.0,0.0,0.0,0.0,0.0,0.0,0.0,0.0,0.0,0.0,0.0,15076.91,17954.49,27.86186474990149,2020.0,2020-10-05,Long rains
Kenya,Iburasirazuba,Ngoma,87.0,79.19963322794483,61857.23,12.7,7.25,7.12,7.35,7.63,7.89,8.3,8.76,8.98,10.02,10.04,10.69,10.89,11.79,12.52,12.45,13.17,14.67,15.22,14.79,16.2,16.86,17.95,18.19,18.57,20.37,21.64,21.47,23.31,23.68,26.0,28.68,28.24,27.72,27.95,28.71,29.79,29.18,29.62,29.33,29.27,31.39,32.43,31.29,31.03,28.42,30.38,31.55,30.4,31.37,31.42,33.01,37.02,35.9,41.25,42.14,46.73,53.78,57.58,55.96,56.54,62.61,64.56,65.53,69.23,73.96,82.69,92.47,104.58,119.15,132.94,148.21,164.38,168.56,166.85,182.1,197.82,138.28,154.06,154.25,130.43,152.35,177.76,205.81,136.18,85.8,95.91,3714.38,60.61,55.9,48.12,45.21,50.94,37.26,37.5,34.43,33.69,35.29,32.85,34.24,32.85,32.85,37.38,33.72,32.14,28.66,27.23,30.26,24.22,24.8,22.12,20.66,23.0,20.23,21.01,20.28,23.66,29.69,29.94,22.68,15.19,20.73,17.48,10.13,9.57,8.09,9.92,9.65,8.43,8.54,8.26,9.57,11.2,13.54,17.61,22.08,25.37,25.62,22.87,20.26,15.97,21.92,15.14,7.98,5.28,2.84,7.67,5.44,1.83,1.39,1.09,1.36,0.91,0.49,0.62,0.44,0.4,0.46,0.39,0.41,0.39,0.4,0.43,0.41,0.49,0.34,0.47,0.33,0.43,0.37,0.41,0.34,0.3,0.27,0.26,0.25,0.24,0.28,0.2,0.2,0.26,0.28,0.21,0.18,0.22,0.21,0.18,0.18,0.09,0.16,0.15,0.21,0.17,0.14,0.12,0.17,0.21,0.1,0.09,0.09,0.11,0.07,0.16,0.13,0.11,0.11,0.13,0.21,0.17,0.2,0.13,0.21,0.12,0.25,0.15,0.18,0.18,0.23,0.12,0.15,0.08,0.06,0.11,0.11,0.11,0.05,0.03,0.03,0.04,0.0,0.0,0.0,0.01,0.0,0.0,0.0,0.0,0.0,0.0,0.0,0.0,0.0,0.0,0.0,0.0,0.0,0.0,0.0,0.0,0.0,0.0,0.0,0.0,0.0,0.0,0.0,0.0,0.0,0.0,0.0,0.0,0.0,0.0,0.0,0.0,0.0,0.0,0.0,0.0,0.0,0.0,0.0,0.0,0.0,0.0,0.0,0.0,0.0,0.0,0.0,0.0,0.0,0.0,0.0,0.0,0.0,0.0,0.0,0.0,0.0,0.0,0.0,0.0,0.0,0.0,0.0,0.0,0.0,0.0,0.0,0.0,0.0,0.0,0.0,0.0,0.0,0.0,0.0,0.0,0.0,0.0,0.0,0.0,0.0,0.0,0.0,0.0,0.0,0.0,0.0,0.0,0.0,0.0,0.0,0.0,0.0,0.0,0.0,0.0,0.0,0.0,0.0,0.0,0.0,0.0,0.0,0.0,0.0,0.0,0.0,0.0,0.0,0.01,0.0,0.0,0.0,0.0,0.0,0.0,0.0,0.0,0.0,0.0,0.0,0.0,0.0,0.0,0.0,0.0,0.0,0.0,0.0,0.0,0.0,0.0,0.0,9536.23,12975.32,22.749419783664827,2020.0,2020-10-05,Long rains
Kenya,Umujyi wa Kigali,Gasabo,71.0,64.60146245260309,21587.79,49.98,26.14,26.81,27.07,28.92,29.33,29.51,31.16,31.41,33.02,33.52,34.6,35.56,37.85,38.32,42.64,44.84,47.71,51.2,58.36,68.86,81.11,102.01,133.14,186.41,290.87,493.04,140.81,47.16,41.92,47.02,61.83,43.6,58.71,48.73,43.83,55.45,42.81,27.95,26.61,27.1,29.12,30.8,29.89,29.29,27.64,29.4,28.84,29.16,29.89,30.84,35.32,35.0,35.11,35.1,37.18,39.19,43.93,41.13,39.06,37.9,41.39,43.39,44.96,50.59,56.35,67.11,86.64,106.07,126.34,149.05,171.52,158.19,136.85,111.73,93.43,118.86,89.83,83.84,85.73,68.83,67.58,80.47,84.25,54.87,31.63,30.48,1924.49,24.6,24.25,25.07,24.88,29.73,22.16,23.01,22.92,22.09,23.33,22.17,23.77,23.32,24.43,26.54,23.26,21.38,19.12,18.26,21.14,16.03,14.65,12.75,11.55,13.21,11.19,11.41,10.05,13.19,15.19,11.13,9.35,7.92,8.17,8.08,5.91,5.64,7.34,13.01,15.22,17.12,19.25,24.88,44.97,39.44,25.02,20.02,17.89,40.28,29.26,22.46,17.19,14.22,39.04,51.63,34.29,13.45,5.86,24.5,7.88,1.25,1.17,0.43,1.57,1.26,0.14,0.21,0.15,0.16,0.14,0.11,0.09,0.11,0.09,0.02,0.06,0.05,0.03,0.0,0.03,0.02,0.05,0.02,0.04,0.01,0.02,0.03,0.02,0.02,0.04,0.01,0.04,0.01,0.01,0.01,0.02,0.02,0.02,0.03,0.04,0.0,0.02,0.0,0.02,0.02,0.0,0.01,0.02,0.03,0.02,0.0,0.01,0.01,0.01,0.0,0.02,0.01,0.0,0.01,0.01,0.01,0.0,0.01,0.0,0.0,0.0,0.0,0.01,0.01,0.01,0.0,0.0,0.01,0.0,0.0,0.01,0.02,0.0,0.0,0.01,0.01,0.01,0.0,0.0,0.01,0.0,0.0,0.0,0.0,0.0,0.0,0.0,0.0,0.0,0.0,0.0,0.0,0.0,0.0,0.0,0.0,0.0,0.0,0.0,0.0,0.0,0.0,0.0,0.0,0.0,0.0,0.0,0.0,0.0,0.0,0.0,0.0,0.0,0.0,0.0,0.0,0.0,0.0,0.0,0.0,0.0,0.0,0.0,0.0,0.0,0.0,0.0,0.0,0.0,0.0,0.0,0.0,0.0,0.0,0.0,0.0,0.0,0.0,0.0,0.0,0.0,0.0,0.0,0.0,0.0,0.0,0.0,0.0,0.0,0.0,0.0,0.0,0.0,0.0,0.0,0.0,0.0,0.0,0.0,0.0,0.0,0.0,0.0,0.0,0.0,0.0,0.0,0.0,0.0,0.0,0.0,0.0,0.0,0.0,0.0,0.0,0.0,0.0,0.0,0.0,0.0,0.0,0.0,0.0,0.0,0.0,0.0,0.0,0.0,0.0,0.0,0.0,0.0,0.0,0.0,0.0,0.0,0.0,0.0,0.0,0.0,0.0,0.0,0.0,0.0,0.0,0.0,0.0,0.0,0.0,0.0,0.0,0.0,6477.39,9983.4,34.24340547706239,2020.0,2020-10-05,Long rains
